20e07fd0-be58-405e-8576-aa038e52f764,Inside userDetails,user1,http-nio-7688-exec-5
8fab2714-a010-443f-b3e9-3ba98dfb121c,Inside userDetails,user2,http-nio-7688-exec-7
27b6d8c8-2807-464d-b00b-32604cc36bd9,Inside userDetails,user1,http-nio-7688-exec-12
75612c68-f32a-4298-b6b6-87a95cddef0e,Inside userDetails,user1,http-nio-7688-exec-11
1686b64c-46b4-47c8-a7a2-95a990e5a195,Inside userDetails,user1,http-nio-7688-exec-6
9ed4af0c-0fa4-4a00-aff6-425ee02838f1,Inside userDetails,user2,http-nio-7688-exec-8
fe8a54c1-ba23-4bd0-8667-0b40d8a0e219,Inside userDetails,user2,http-nio-7688-exec-1
29450a35-8d43-4933-bd0e-c1e5d572979f,Inside userDetails,user2,http-nio-7688-exec-9
8f88a259-3962-4858-aea8-974fd0e1dc65,Inside userDetails,user2,http-nio-7688-exec-10
1686b64c-46b4-47c8-a7a2-95a990e5a195,After runInFuture,user1,http-nio-7688-exec-6
8fab2714-a010-443f-b3e9-3ba98dfb121c,After runInFuture,user2,http-nio-7688-exec-7
8aeaee22-a0d9-4ce2-9f3d-1ed0ff23e53a,Inside userDetails,user2,http-nio-7688-exec-4
8aeaee22-a0d9-4ce2-9f3d-1ed0ff23e53a,After runInFuture,user2,http-nio-7688-exec-4
20e07fd0-be58-405e-8576-aa038e52f764,After runInFuture,user1,http-nio-7688-exec-5
9ed4af0c-0fa4-4a00-aff6-425ee02838f1,Inside runInFuture,user2,ForkJoinPool.commonPool-worker-1
29450a35-8d43-4933-bd0e-c1e5d572979f,Inside runInFuture,user2,ForkJoinPool.commonPool-worker-1
8f88a259-3962-4858-aea8-974fd0e1dc65,After runInFuture,user2,http-nio-7688-exec-10
75612c68-f32a-4298-b6b6-87a95cddef0e,After runInFuture,user1,http-nio-7688-exec-11
fe8a54c1-ba23-4bd0-8667-0b40d8a0e219,Inside runInFuture,user2,ForkJoinPool.commonPool-worker-3
8f88a259-3962-4858-aea8-974fd0e1dc65,Inside runInFuture,user2,ForkJoinPool.commonPool-worker-3
8aeaee22-a0d9-4ce2-9f3d-1ed0ff23e53a,Inside runInFuture,user2,ForkJoinPool.commonPool-worker-3
27b6d8c8-2807-464d-b00b-32604cc36bd9,After runInFuture,user1,http-nio-7688-exec-12
8fab2714-a010-443f-b3e9-3ba98dfb121c,Inside runInFuture,user2,ForkJoinPool.commonPool-worker-4
9aa7396d-5c5c-4504-ac84-06714c152b4b,Inside userDetails,user1,http-nio-7688-exec-2
9aa7396d-5c5c-4504-ac84-06714c152b4b,After runInFuture,user1,http-nio-7688-exec-2
3571dfe2-d725-4f99-8a3f-2d5021d379af,Inside userDetails,user1,http-nio-7688-exec-3
3571dfe2-d725-4f99-8a3f-2d5021d379af,After runInFuture,user1,http-nio-7688-exec-3
3571dfe2-d725-4f99-8a3f-2d5021d379af,After runMeInAsync,user1,http-nio-7688-exec-3
fe8a54c1-ba23-4bd0-8667-0b40d8a0e219,After runInFuture,user2,http-nio-7688-exec-1
fe8a54c1-ba23-4bd0-8667-0b40d8a0e219,After runMeInAsync,user2,http-nio-7688-exec-1
9ed4af0c-0fa4-4a00-aff6-425ee02838f1,After runInFuture,user2,http-nio-7688-exec-8
9ed4af0c-0fa4-4a00-aff6-425ee02838f1,After runMeInAsync,user2,http-nio-7688-exec-8
1686b64c-46b4-47c8-a7a2-95a990e5a195,After runMeInAsync,user1,http-nio-7688-exec-6
8aeaee22-a0d9-4ce2-9f3d-1ed0ff23e53a,After runMeInAsync,user2,http-nio-7688-exec-4
1686b64c-46b4-47c8-a7a2-95a990e5a195,Inside runMeInAsync,null,task-2
3571dfe2-d725-4f99-8a3f-2d5021d379af,Inside runMeInAsync,null,task-2
fe8a54c1-ba23-4bd0-8667-0b40d8a0e219,Inside runMeInAsync,null,task-2
9ed4af0c-0fa4-4a00-aff6-425ee02838f1,Inside runMeInAsync,null,task-2
8aeaee22-a0d9-4ce2-9f3d-1ed0ff23e53a,Inside runMeInAsync,null,task-3
20e07fd0-be58-405e-8576-aa038e52f764,Inside runMeInAsync,null,task-4
20e07fd0-be58-405e-8576-aa038e52f764,After runMeInAsync,user1,http-nio-7688-exec-5
75612c68-f32a-4298-b6b6-87a95cddef0e,Inside runMeInAsync,null,task-6
75612c68-f32a-4298-b6b6-87a95cddef0e,After runMeInAsync,user1,http-nio-7688-exec-11
8f88a259-3962-4858-aea8-974fd0e1dc65,After runMeInAsync,user2,http-nio-7688-exec-10
8f88a259-3962-4858-aea8-974fd0e1dc65,Inside runMeInAsync,null,task-5
27b6d8c8-2807-464d-b00b-32604cc36bd9,After runMeInAsync,user1,http-nio-7688-exec-12
27b6d8c8-2807-464d-b00b-32604cc36bd9,Inside runMeInAsync,null,task-7
9aa7396d-5c5c-4504-ac84-06714c152b4b,After runMeInAsync,user1,http-nio-7688-exec-2
9aa7396d-5c5c-4504-ac84-06714c152b4b,Inside runMeInAsync,null,task-8
29450a35-8d43-4933-bd0e-c1e5d572979f,After runInFuture,user2,http-nio-7688-exec-9
29450a35-8d43-4933-bd0e-c1e5d572979f,After runMeInAsync,user2,http-nio-7688-exec-9
29450a35-8d43-4933-bd0e-c1e5d572979f,Inside runMeInAsync,null,task-2
8fab2714-a010-443f-b3e9-3ba98dfb121c,After runMeInAsync,user2,http-nio-7688-exec-7
8fab2714-a010-443f-b3e9-3ba98dfb121c,Inside runMeInAsync,null,task-1
bc465fda-4736-4457-886b-e4746fea8306,Inside userDetails,user1,http-nio-7688-exec-8
bc465fda-4736-4457-886b-e4746fea8306,After runInFuture,user1,http-nio-7688-exec-8
bc465fda-4736-4457-886b-e4746fea8306,After runMeInAsync,user1,http-nio-7688-exec-8
bc465fda-4736-4457-886b-e4746fea8306,Inside runMeInAsync,null,task-3
8ac051eb-50cd-4260-ae32-ddf526456495,Inside userDetails,user2,http-nio-7688-exec-3
8ac051eb-50cd-4260-ae32-ddf526456495,After runInFuture,user2,http-nio-7688-exec-3
8ac051eb-50cd-4260-ae32-ddf526456495,Inside runMeInAsync,null,task-4
8ac051eb-50cd-4260-ae32-ddf526456495,After runMeInAsync,user2,http-nio-7688-exec-3
8ac051eb-50cd-4260-ae32-ddf526456495,Inside runInFuture,user2,ForkJoinPool.commonPool-worker-7
1fef13aa-fb20-40ca-8233-42673a10ef69,Inside userDetails,user2,http-nio-7688-exec-6
1fef13aa-fb20-40ca-8233-42673a10ef69,After runInFuture,user2,http-nio-7688-exec-6
1fef13aa-fb20-40ca-8233-42673a10ef69,After runMeInAsync,user2,http-nio-7688-exec-6
1fef13aa-fb20-40ca-8233-42673a10ef69,Inside runMeInAsync,null,task-6
3f4d1306-43d7-444b-8303-c0aa161b5c3a,Inside userDetails,user1,http-nio-7688-exec-4
3f4d1306-43d7-444b-8303-c0aa161b5c3a,After runInFuture,user1,http-nio-7688-exec-4
3f4d1306-43d7-444b-8303-c0aa161b5c3a,After runMeInAsync,user1,http-nio-7688-exec-4
3f4d1306-43d7-444b-8303-c0aa161b5c3a,Inside runMeInAsync,null,task-5
1c55b980-0c8e-441d-97ce-9326d61e58f3,Inside userDetails,user2,http-nio-7688-exec-5
1c55b980-0c8e-441d-97ce-9326d61e58f3,After runInFuture,user2,http-nio-7688-exec-5
1c55b980-0c8e-441d-97ce-9326d61e58f3,After runMeInAsync,user2,http-nio-7688-exec-5
1c55b980-0c8e-441d-97ce-9326d61e58f3,Inside runMeInAsync,null,task-7
94c8efb2-3a44-44a6-b6af-015d1433ee9a,Inside userDetails,user1,http-nio-7688-exec-11
94c8efb2-3a44-44a6-b6af-015d1433ee9a,After runInFuture,user1,http-nio-7688-exec-11
94c8efb2-3a44-44a6-b6af-015d1433ee9a,Inside runMeInAsync,null,task-8
7b7a61c6-afd0-416d-8391-9c68e8c7815e,Inside userDetails,user1,http-nio-7688-exec-1
4fd55317-b30b-4eb9-b8c4-93176721970e,Inside userDetails,user2,http-nio-7688-exec-9
7b7a61c6-afd0-416d-8391-9c68e8c7815e,After runInFuture,user1,http-nio-7688-exec-1
7b7a61c6-afd0-416d-8391-9c68e8c7815e,Inside runMeInAsync,null,task-2
7b7a61c6-afd0-416d-8391-9c68e8c7815e,After runMeInAsync,user1,http-nio-7688-exec-1
4fd55317-b30b-4eb9-b8c4-93176721970e,After runInFuture,user2,http-nio-7688-exec-9
4fd55317-b30b-4eb9-b8c4-93176721970e,After runMeInAsync,user2,http-nio-7688-exec-9
4fd55317-b30b-4eb9-b8c4-93176721970e,Inside runMeInAsync,null,task-1
94c8efb2-3a44-44a6-b6af-015d1433ee9a,After runMeInAsync,user1,http-nio-7688-exec-11
33460f2b-7705-47fe-9183-166ebb8b2ea9,Inside userDetails,user1,http-nio-7688-exec-12
33460f2b-7705-47fe-9183-166ebb8b2ea9,After runInFuture,user1,http-nio-7688-exec-12
33460f2b-7705-47fe-9183-166ebb8b2ea9,Inside runMeInAsync,null,task-3
33460f2b-7705-47fe-9183-166ebb8b2ea9,After runMeInAsync,user1,http-nio-7688-exec-12
746852c3-5b50-40a0-a703-b11bc84d9188,Inside userDetails,user2,http-nio-7688-exec-10
746852c3-5b50-40a0-a703-b11bc84d9188,After runInFuture,user2,http-nio-7688-exec-10
746852c3-5b50-40a0-a703-b11bc84d9188,Inside runMeInAsync,null,task-4
746852c3-5b50-40a0-a703-b11bc84d9188,After runMeInAsync,user2,http-nio-7688-exec-10
56010047-c471-4d4d-90b3-0794451f9fec,Inside userDetails,user2,http-nio-7688-exec-2
56010047-c471-4d4d-90b3-0794451f9fec,After runInFuture,user2,http-nio-7688-exec-2
56010047-c471-4d4d-90b3-0794451f9fec,After runMeInAsync,user2,http-nio-7688-exec-2
56010047-c471-4d4d-90b3-0794451f9fec,Inside runMeInAsync,null,task-6
05405eeb-da67-4ebd-9fec-bcb097a7171a,Inside userDetails,user2,http-nio-7688-exec-8
05405eeb-da67-4ebd-9fec-bcb097a7171a,After runInFuture,user2,http-nio-7688-exec-8
05405eeb-da67-4ebd-9fec-bcb097a7171a,After runMeInAsync,user2,http-nio-7688-exec-8
05405eeb-da67-4ebd-9fec-bcb097a7171a,Inside runMeInAsync,null,task-5
7036ce4a-9df5-4266-8ee3-6b150bf98b9a,Inside userDetails,user1,http-nio-7688-exec-14
7036ce4a-9df5-4266-8ee3-6b150bf98b9a,After runInFuture,user1,http-nio-7688-exec-14
7036ce4a-9df5-4266-8ee3-6b150bf98b9a,Inside runMeInAsync,null,task-7
7036ce4a-9df5-4266-8ee3-6b150bf98b9a,After runMeInAsync,user1,http-nio-7688-exec-14
dd19eed1-187f-485c-b491-62868e0516e1,Inside userDetails,user1,http-nio-7688-exec-13
dd19eed1-187f-485c-b491-62868e0516e1,After runInFuture,user1,http-nio-7688-exec-13
dd19eed1-187f-485c-b491-62868e0516e1,After runMeInAsync,user1,http-nio-7688-exec-13
dd19eed1-187f-485c-b491-62868e0516e1,Inside runMeInAsync,null,task-8
61596029-299e-446d-8d63-6d89c3782fd0,Inside userDetails,user2,http-nio-7688-exec-6
61596029-299e-446d-8d63-6d89c3782fd0,After runInFuture,user2,http-nio-7688-exec-6
61596029-299e-446d-8d63-6d89c3782fd0,After runMeInAsync,user2,http-nio-7688-exec-6
61596029-299e-446d-8d63-6d89c3782fd0,Inside runMeInAsync,null,task-2
51c2db46-2f83-44b1-8f58-1d726a0ad47c,Inside userDetails,user1,http-nio-7688-exec-11
51c2db46-2f83-44b1-8f58-1d726a0ad47c,After runInFuture,user1,http-nio-7688-exec-11
51c2db46-2f83-44b1-8f58-1d726a0ad47c,Inside runMeInAsync,null,task-1
51c2db46-2f83-44b1-8f58-1d726a0ad47c,After runMeInAsync,user1,http-nio-7688-exec-11
7de915a0-2353-422e-aa99-e7d701082222,Inside userDetails,user1,http-nio-7688-exec-4
7de915a0-2353-422e-aa99-e7d701082222,After runInFuture,user1,http-nio-7688-exec-4
7de915a0-2353-422e-aa99-e7d701082222,After runMeInAsync,user1,http-nio-7688-exec-4
7de915a0-2353-422e-aa99-e7d701082222,Inside runMeInAsync,null,task-3
b545530a-82ef-4f9c-be6a-1e3411b9905e,Inside userDetails,user1,http-nio-7688-exec-14
823da20b-f074-46d8-8283-32b6aee15447,Inside userDetails,user1,http-nio-7688-exec-3
e7569435-cc19-487c-8eea-c5459301cb3d,Inside userDetails,user2,http-nio-7688-exec-7
e7569435-cc19-487c-8eea-c5459301cb3d,After runInFuture,user2,http-nio-7688-exec-7
b545530a-82ef-4f9c-be6a-1e3411b9905e,After runMeInAsync,user1,http-nio-7688-exec-14
e7569435-cc19-487c-8eea-c5459301cb3d,Inside runMeInAsync,null,task-4
e7569435-cc19-487c-8eea-c5459301cb3d,After runMeInAsync,user2,http-nio-7688-exec-7
b545530a-82ef-4f9c-be6a-1e3411b9905e,After runInFuture,user1,http-nio-7688-exec-14
b545530a-82ef-4f9c-be6a-1e3411b9905e,Inside runMeInAsync,null,task-6
823da20b-f074-46d8-8283-32b6aee15447,After runInFuture,user1,http-nio-7688-exec-3
823da20b-f074-46d8-8283-32b6aee15447,After runMeInAsync,user1,http-nio-7688-exec-3
823da20b-f074-46d8-8283-32b6aee15447,Inside runMeInAsync,null,task-5
042e881f-d63a-4a20-8057-98eb996121c2,Inside userDetails,user2,http-nio-7688-exec-5
042e881f-d63a-4a20-8057-98eb996121c2,After runInFuture,user2,http-nio-7688-exec-5
042e881f-d63a-4a20-8057-98eb996121c2,Inside runMeInAsync,null,task-7
042e881f-d63a-4a20-8057-98eb996121c2,After runMeInAsync,user2,http-nio-7688-exec-5
f9dfe900-3495-47a2-bd8d-d671db9b10b6,Inside userDetails,user2,http-nio-7688-exec-10
f9dfe900-3495-47a2-bd8d-d671db9b10b6,After runInFuture,user2,http-nio-7688-exec-10
f9dfe900-3495-47a2-bd8d-d671db9b10b6,After runMeInAsync,user2,http-nio-7688-exec-10
f9dfe900-3495-47a2-bd8d-d671db9b10b6,Inside runMeInAsync,null,task-8
31c725c5-d423-42dd-9ab9-7f7e80e5b853,Inside userDetails,user2,http-nio-7688-exec-13
31c725c5-d423-42dd-9ab9-7f7e80e5b853,After runInFuture,user2,http-nio-7688-exec-13
31c725c5-d423-42dd-9ab9-7f7e80e5b853,Inside runMeInAsync,null,task-2
31c725c5-d423-42dd-9ab9-7f7e80e5b853,After runMeInAsync,user2,http-nio-7688-exec-13
1486494d-d164-459e-b611-19bc56bf6cd1,Inside userDetails,user1,http-nio-7688-exec-2
1486494d-d164-459e-b611-19bc56bf6cd1,After runInFuture,user1,http-nio-7688-exec-2
1486494d-d164-459e-b611-19bc56bf6cd1,Inside runMeInAsync,null,task-1
1486494d-d164-459e-b611-19bc56bf6cd1,After runMeInAsync,user1,http-nio-7688-exec-2
6548dc6e-cfc6-4a54-af01-8eb1746d058b,Inside userDetails,user1,http-nio-7688-exec-9
6548dc6e-cfc6-4a54-af01-8eb1746d058b,After runInFuture,user1,http-nio-7688-exec-9
6548dc6e-cfc6-4a54-af01-8eb1746d058b,After runMeInAsync,user1,http-nio-7688-exec-9
6548dc6e-cfc6-4a54-af01-8eb1746d058b,Inside runMeInAsync,null,task-3
37dd1a80-d8ce-45ae-b638-c96915820ec4,Inside userDetails,user2,http-nio-7688-exec-12
37dd1a80-d8ce-45ae-b638-c96915820ec4,After runInFuture,user2,http-nio-7688-exec-12
37dd1a80-d8ce-45ae-b638-c96915820ec4,Inside runMeInAsync,null,task-4
37dd1a80-d8ce-45ae-b638-c96915820ec4,After runMeInAsync,user2,http-nio-7688-exec-12
9e140994-bcf6-483b-9691-30d613a54978,Inside userDetails,user2,http-nio-7688-exec-14
9e140994-bcf6-483b-9691-30d613a54978,After runInFuture,user2,http-nio-7688-exec-14
9e140994-bcf6-483b-9691-30d613a54978,After runMeInAsync,user2,http-nio-7688-exec-14
9e140994-bcf6-483b-9691-30d613a54978,Inside runMeInAsync,null,task-6
54cf3928-f81f-49c7-96a0-6137c8fe6eb4,Inside userDetails,user1,http-nio-7688-exec-7
54cf3928-f81f-49c7-96a0-6137c8fe6eb4,After runInFuture,user1,http-nio-7688-exec-7
54cf3928-f81f-49c7-96a0-6137c8fe6eb4,Inside runMeInAsync,null,task-5
54cf3928-f81f-49c7-96a0-6137c8fe6eb4,After runMeInAsync,user1,http-nio-7688-exec-7
361d78ce-6bee-42e5-bad1-fe9c7fb3721c,Inside userDetails,user2,http-nio-7688-exec-8
361d78ce-6bee-42e5-bad1-fe9c7fb3721c,After runInFuture,user2,http-nio-7688-exec-8
361d78ce-6bee-42e5-bad1-fe9c7fb3721c,Inside runMeInAsync,null,task-7
361d78ce-6bee-42e5-bad1-fe9c7fb3721c,After runMeInAsync,user2,http-nio-7688-exec-8
69126408-2dc5-4582-9951-9d4f23b420dd,Inside userDetails,user1,http-nio-7688-exec-1
69126408-2dc5-4582-9951-9d4f23b420dd,After runInFuture,user1,http-nio-7688-exec-1
69126408-2dc5-4582-9951-9d4f23b420dd,Inside runMeInAsync,null,task-8
69126408-2dc5-4582-9951-9d4f23b420dd,After runMeInAsync,user1,http-nio-7688-exec-1
abe8ba00-3cdd-46f5-8409-490afbb4d863,Inside userDetails,user1,http-nio-7688-exec-6
abe8ba00-3cdd-46f5-8409-490afbb4d863,After runInFuture,user1,http-nio-7688-exec-6
abe8ba00-3cdd-46f5-8409-490afbb4d863,Inside runMeInAsync,null,task-2
abe8ba00-3cdd-46f5-8409-490afbb4d863,After runMeInAsync,user1,http-nio-7688-exec-6
4c3bffa2-58e5-4f54-a3e2-21825cde51a6,Inside userDetails,user2,http-nio-7688-exec-4
4c3bffa2-58e5-4f54-a3e2-21825cde51a6,After runInFuture,user2,http-nio-7688-exec-4
4c3bffa2-58e5-4f54-a3e2-21825cde51a6,After runMeInAsync,user2,http-nio-7688-exec-4
4c3bffa2-58e5-4f54-a3e2-21825cde51a6,Inside runMeInAsync,null,task-1
3254065d-78b6-49f6-b8ce-ddf8eb62f063,Inside userDetails,user2,http-nio-7688-exec-3
3254065d-78b6-49f6-b8ce-ddf8eb62f063,After runInFuture,user2,http-nio-7688-exec-3
3254065d-78b6-49f6-b8ce-ddf8eb62f063,After runMeInAsync,user2,http-nio-7688-exec-3
3254065d-78b6-49f6-b8ce-ddf8eb62f063,Inside runMeInAsync,null,task-3
cb4eb737-968a-4443-8991-adcb9cf6df98,Inside userDetails,user1,http-nio-7688-exec-12
cb4eb737-968a-4443-8991-adcb9cf6df98,After runInFuture,user1,http-nio-7688-exec-12
d616f5e1-d6ee-44f4-a56b-8d9293aecb77,Inside userDetails,user2,http-nio-7688-exec-13
cb4eb737-968a-4443-8991-adcb9cf6df98,After runMeInAsync,user1,http-nio-7688-exec-12
cb4eb737-968a-4443-8991-adcb9cf6df98,Inside runMeInAsync,null,task-4
d616f5e1-d6ee-44f4-a56b-8d9293aecb77,After runInFuture,user2,http-nio-7688-exec-13
20a4ce08-afcf-4826-ac25-965500111593,Inside userDetails,user1,http-nio-7688-exec-11
d616f5e1-d6ee-44f4-a56b-8d9293aecb77,Inside runMeInAsync,null,task-6
d616f5e1-d6ee-44f4-a56b-8d9293aecb77,After runMeInAsync,user2,http-nio-7688-exec-13
20a4ce08-afcf-4826-ac25-965500111593,After runInFuture,user1,http-nio-7688-exec-11
20a4ce08-afcf-4826-ac25-965500111593,After runMeInAsync,user1,http-nio-7688-exec-11
20a4ce08-afcf-4826-ac25-965500111593,Inside runMeInAsync,null,task-5
7413b331-d62a-41dc-ae5e-366628671c5a,Inside userDetails,user1,http-nio-7688-exec-14
7413b331-d62a-41dc-ae5e-366628671c5a,After runInFuture,user1,http-nio-7688-exec-14
7413b331-d62a-41dc-ae5e-366628671c5a,Inside runMeInAsync,null,task-7
ff1863cb-b90a-4096-a450-e89301b55634,Inside userDetails,user2,http-nio-7688-exec-2
a6a97911-a9fa-47e4-99a0-7083533e2292,Inside userDetails,user1,http-nio-7688-exec-5
ff1863cb-b90a-4096-a450-e89301b55634,After runInFuture,user2,http-nio-7688-exec-2
ff1863cb-b90a-4096-a450-e89301b55634,After runMeInAsync,user2,http-nio-7688-exec-2
ff1863cb-b90a-4096-a450-e89301b55634,Inside runMeInAsync,null,task-8
7413b331-d62a-41dc-ae5e-366628671c5a,After runMeInAsync,user1,http-nio-7688-exec-14
a6a97911-a9fa-47e4-99a0-7083533e2292,After runInFuture,user1,http-nio-7688-exec-5
a6a97911-a9fa-47e4-99a0-7083533e2292,Inside runMeInAsync,null,task-2
a3ab3aec-0b6d-4cf4-a571-ea5482d7628a,Inside userDetails,user2,http-nio-7688-exec-7
a6a97911-a9fa-47e4-99a0-7083533e2292,After runMeInAsync,user1,http-nio-7688-exec-5
a3ab3aec-0b6d-4cf4-a571-ea5482d7628a,After runInFuture,user2,http-nio-7688-exec-7
a3ab3aec-0b6d-4cf4-a571-ea5482d7628a,Inside runMeInAsync,null,task-1
a3ab3aec-0b6d-4cf4-a571-ea5482d7628a,After runMeInAsync,user2,http-nio-7688-exec-7
fe502b6f-586d-45ef-8700-f67a4554dbbf,Inside userDetails,user1,http-nio-7688-exec-10
fe502b6f-586d-45ef-8700-f67a4554dbbf,After runInFuture,user1,http-nio-7688-exec-10
fe502b6f-586d-45ef-8700-f67a4554dbbf,Inside runMeInAsync,null,task-3
fe502b6f-586d-45ef-8700-f67a4554dbbf,After runMeInAsync,user1,http-nio-7688-exec-10
370b809a-beb2-4430-9959-e98ccd6c6b02,Inside userDetails,user2,http-nio-7688-exec-9
370b809a-beb2-4430-9959-e98ccd6c6b02,After runInFuture,user2,http-nio-7688-exec-9
370b809a-beb2-4430-9959-e98ccd6c6b02,Inside runMeInAsync,null,task-4
370b809a-beb2-4430-9959-e98ccd6c6b02,After runMeInAsync,user2,http-nio-7688-exec-9
a5996b75-8c8b-4882-ab24-61bd79d9a747,Inside userDetails,user2,http-nio-7688-exec-12
a5996b75-8c8b-4882-ab24-61bd79d9a747,After runInFuture,user2,http-nio-7688-exec-12
a5996b75-8c8b-4882-ab24-61bd79d9a747,Inside runMeInAsync,null,task-6
a5996b75-8c8b-4882-ab24-61bd79d9a747,After runMeInAsync,user2,http-nio-7688-exec-12
1686b64c-46b4-47c8-a7a2-95a990e5a195,Inside runInFuture,user1,ForkJoinPool.commonPool-worker-1
20e07fd0-be58-405e-8576-aa038e52f764,Inside runInFuture,user1,ForkJoinPool.commonPool-worker-3
75612c68-f32a-4298-b6b6-87a95cddef0e,Inside runInFuture,user1,ForkJoinPool.commonPool-worker-4
1fef13aa-fb20-40ca-8233-42673a10ef69,Inside runInFuture,user2,ForkJoinPool.commonPool-worker-1
27b6d8c8-2807-464d-b00b-32604cc36bd9,Inside runInFuture,user1,ForkJoinPool.commonPool-worker-2
61596029-299e-446d-8d63-6d89c3782fd0,Inside runInFuture,user2,ForkJoinPool.commonPool-worker-1
1c55b980-0c8e-441d-97ce-9326d61e58f3,Inside runInFuture,user2,ForkJoinPool.commonPool-worker-3
e7569435-cc19-487c-8eea-c5459301cb3d,Inside runInFuture,user2,ForkJoinPool.commonPool-worker-3
042e881f-d63a-4a20-8057-98eb996121c2,Inside runInFuture,user2,ForkJoinPool.commonPool-worker-3
10bdc501-95a1-44b0-84c7-a213b114f384,Inside userDetails,user1,http-nio-7688-exec-8
3571dfe2-d725-4f99-8a3f-2d5021d379af,Inside runInFuture,user1,ForkJoinPool.commonPool-worker-5
10bdc501-95a1-44b0-84c7-a213b114f384,After runInFuture,user1,http-nio-7688-exec-8
10bdc501-95a1-44b0-84c7-a213b114f384,Inside runMeInAsync,null,task-5
10bdc501-95a1-44b0-84c7-a213b114f384,After runMeInAsync,user1,http-nio-7688-exec-8
9aa7396d-5c5c-4504-ac84-06714c152b4b,Inside runInFuture,user1,ForkJoinPool.commonPool-worker-6
4fd55317-b30b-4eb9-b8c4-93176721970e,Inside runInFuture,user2,ForkJoinPool.commonPool-worker-6
56010047-c471-4d4d-90b3-0794451f9fec,Inside runInFuture,user2,ForkJoinPool.commonPool-worker-6
4fcd2e2c-026a-4f01-a494-5aec3e571980,Inside userDetails,user2,http-nio-7688-exec-1
4fcd2e2c-026a-4f01-a494-5aec3e571980,After runInFuture,user2,http-nio-7688-exec-1
4fcd2e2c-026a-4f01-a494-5aec3e571980,Inside runMeInAsync,null,task-7
4fcd2e2c-026a-4f01-a494-5aec3e571980,After runMeInAsync,user2,http-nio-7688-exec-1
138387e4-4809-4ce8-a1ba-7d08f6452327,Inside userDetails,user1,http-nio-7688-exec-11
138387e4-4809-4ce8-a1ba-7d08f6452327,After runInFuture,user1,http-nio-7688-exec-11
d683396f-23ae-4eaf-98a7-721babb2bcae,Inside userDetails,user2,http-nio-7688-exec-3
d683396f-23ae-4eaf-98a7-721babb2bcae,After runInFuture,user2,http-nio-7688-exec-3
138387e4-4809-4ce8-a1ba-7d08f6452327,After runMeInAsync,user1,http-nio-7688-exec-11
a01f5455-9590-4d70-b7e4-95673c457a4e,Inside userDetails,user2,http-nio-7688-exec-6
d683396f-23ae-4eaf-98a7-721babb2bcae,Inside runMeInAsync,null,task-2
138387e4-4809-4ce8-a1ba-7d08f6452327,Inside runMeInAsync,null,task-8
a01f5455-9590-4d70-b7e4-95673c457a4e,After runInFuture,user2,http-nio-7688-exec-6
a01f5455-9590-4d70-b7e4-95673c457a4e,After runMeInAsync,user2,http-nio-7688-exec-6
a01f5455-9590-4d70-b7e4-95673c457a4e,Inside runMeInAsync,null,task-1
d683396f-23ae-4eaf-98a7-721babb2bcae,After runMeInAsync,user2,http-nio-7688-exec-3
cb7eda98-4487-42f6-9243-ab67d59b6197,Inside userDetails,user1,http-nio-7688-exec-4
7e1b2d07-885e-43f9-809d-6ef6c874bf79,Inside userDetails,user1,http-nio-7688-exec-16
cb7eda98-4487-42f6-9243-ab67d59b6197,After runInFuture,user1,http-nio-7688-exec-4
cb7eda98-4487-42f6-9243-ab67d59b6197,Inside runMeInAsync,null,task-3
cb7eda98-4487-42f6-9243-ab67d59b6197,After runMeInAsync,user1,http-nio-7688-exec-4
7e1b2d07-885e-43f9-809d-6ef6c874bf79,After runInFuture,user1,http-nio-7688-exec-16
7e1b2d07-885e-43f9-809d-6ef6c874bf79,Inside runMeInAsync,null,task-4
7e1b2d07-885e-43f9-809d-6ef6c874bf79,After runMeInAsync,user1,http-nio-7688-exec-16
5f5e1370-924f-4b01-8d6d-bc921baf7ea0,Inside userDetails,user1,http-nio-7688-exec-7
5f5e1370-924f-4b01-8d6d-bc921baf7ea0,After runInFuture,user1,http-nio-7688-exec-7
5f5e1370-924f-4b01-8d6d-bc921baf7ea0,After runMeInAsync,user1,http-nio-7688-exec-7
5f5e1370-924f-4b01-8d6d-bc921baf7ea0,Inside runMeInAsync,null,task-6
4e696ea2-3b3b-4e5c-b8b9-e1f68934227a,Inside userDetails,user1,http-nio-7688-exec-17
4e696ea2-3b3b-4e5c-b8b9-e1f68934227a,After runInFuture,user1,http-nio-7688-exec-17
4e696ea2-3b3b-4e5c-b8b9-e1f68934227a,After runMeInAsync,user1,http-nio-7688-exec-17
4e696ea2-3b3b-4e5c-b8b9-e1f68934227a,Inside runMeInAsync,null,task-5
361d78ce-6bee-42e5-bad1-fe9c7fb3721c,Inside runInFuture,user2,ForkJoinPool.commonPool-worker-7
bc465fda-4736-4457-886b-e4746fea8306,Inside runInFuture,user1,ForkJoinPool.commonPool-worker-7
0873a030-3709-4c0b-b7cc-e97ca9419fb8,Inside userDetails,user2,http-nio-7688-exec-5
797dd8ea-d731-4ad2-a4f3-45926ac5177c,After runInFuture,user2,http-nio-7688-exec-13
0873a030-3709-4c0b-b7cc-e97ca9419fb8,After runInFuture,user2,http-nio-7688-exec-5
797dd8ea-d731-4ad2-a4f3-45926ac5177c,After runMeInAsync,user2,http-nio-7688-exec-13
05405eeb-da67-4ebd-9fec-bcb097a7171a,Inside runInFuture,user2,ForkJoinPool.commonPool-worker-7
0873a030-3709-4c0b-b7cc-e97ca9419fb8,After runMeInAsync,user2,http-nio-7688-exec-5
797dd8ea-d731-4ad2-a4f3-45926ac5177c,Inside userDetails,user2,http-nio-7688-exec-13
797dd8ea-d731-4ad2-a4f3-45926ac5177c,Inside runMeInAsync,null,task-2
5b88008f-dec8-47f2-ad47-16dc34113e68,Inside userDetails,user1,http-nio-7688-exec-14
5b88008f-dec8-47f2-ad47-16dc34113e68,After runInFuture,user1,http-nio-7688-exec-14
5b88008f-dec8-47f2-ad47-16dc34113e68,After runMeInAsync,user1,http-nio-7688-exec-14
5b88008f-dec8-47f2-ad47-16dc34113e68,Inside runMeInAsync,null,task-8
0873a030-3709-4c0b-b7cc-e97ca9419fb8,Inside runMeInAsync,null,task-7
aa9a12b8-23ce-433b-98b4-d3ddb185fcb1,Inside userDetails,user1,http-nio-7688-exec-15
aa9a12b8-23ce-433b-98b4-d3ddb185fcb1,After runInFuture,user1,http-nio-7688-exec-15
aa9a12b8-23ce-433b-98b4-d3ddb185fcb1,Inside runMeInAsync,null,task-1
aa9a12b8-23ce-433b-98b4-d3ddb185fcb1,After runMeInAsync,user1,http-nio-7688-exec-15
ac2733b1-f8db-4ac8-a932-0bd548203539,Inside userDetails,user2,http-nio-7688-exec-2
ac2733b1-f8db-4ac8-a932-0bd548203539,After runInFuture,user2,http-nio-7688-exec-2
ac2733b1-f8db-4ac8-a932-0bd548203539,After runMeInAsync,user2,http-nio-7688-exec-2
ac2733b1-f8db-4ac8-a932-0bd548203539,Inside runMeInAsync,null,task-3
98be781a-5ea7-4b7d-b6fd-4d50eb5bb8e7,Inside userDetails,user1,http-nio-7688-exec-8
98be781a-5ea7-4b7d-b6fd-4d50eb5bb8e7,After runInFuture,user1,http-nio-7688-exec-8
98be781a-5ea7-4b7d-b6fd-4d50eb5bb8e7,Inside runMeInAsync,null,task-4
98be781a-5ea7-4b7d-b6fd-4d50eb5bb8e7,After runMeInAsync,user1,http-nio-7688-exec-8
5362d152-d3fe-4f65-bc57-d1348f95e372,Inside userDetails,user2,http-nio-7688-exec-12
5362d152-d3fe-4f65-bc57-d1348f95e372,After runInFuture,user2,http-nio-7688-exec-12
5362d152-d3fe-4f65-bc57-d1348f95e372,Inside runMeInAsync,null,task-6
5362d152-d3fe-4f65-bc57-d1348f95e372,After runMeInAsync,user2,http-nio-7688-exec-12
03032337-87a8-4ecd-8e6a-3fc3a31cd833,Inside userDetails,user1,http-nio-7688-exec-16
03032337-87a8-4ecd-8e6a-3fc3a31cd833,After runInFuture,user1,http-nio-7688-exec-16
03032337-87a8-4ecd-8e6a-3fc3a31cd833,After runMeInAsync,user1,http-nio-7688-exec-16
03032337-87a8-4ecd-8e6a-3fc3a31cd833,Inside runMeInAsync,null,task-5
879452cf-1f91-43be-9f37-6b33a73408f1,Inside userDetails,user2,http-nio-7688-exec-9
879452cf-1f91-43be-9f37-6b33a73408f1,After runInFuture,user2,http-nio-7688-exec-9
879452cf-1f91-43be-9f37-6b33a73408f1,Inside runMeInAsync,null,task-2
879452cf-1f91-43be-9f37-6b33a73408f1,After runMeInAsync,user2,http-nio-7688-exec-9
33715f38-217e-4ea9-99c9-ca6788d4690a,Inside userDetails,user1,http-nio-7688-exec-1
33715f38-217e-4ea9-99c9-ca6788d4690a,After runInFuture,user1,http-nio-7688-exec-1
33715f38-217e-4ea9-99c9-ca6788d4690a,After runMeInAsync,user1,http-nio-7688-exec-1
33715f38-217e-4ea9-99c9-ca6788d4690a,Inside runMeInAsync,null,task-8
81e6bf70-95be-4071-a865-337f11d1d5ce,Inside userDetails,user2,http-nio-7688-exec-14
81e6bf70-95be-4071-a865-337f11d1d5ce,After runInFuture,user2,http-nio-7688-exec-14
81e6bf70-95be-4071-a865-337f11d1d5ce,After runMeInAsync,user2,http-nio-7688-exec-14
81e6bf70-95be-4071-a865-337f11d1d5ce,Inside runMeInAsync,null,task-7
823f24f3-dbae-47fc-8852-be9f9542a25e,Inside userDetails,user2,http-nio-7688-exec-17
823f24f3-dbae-47fc-8852-be9f9542a25e,After runInFuture,user2,http-nio-7688-exec-17
823f24f3-dbae-47fc-8852-be9f9542a25e,Inside runMeInAsync,null,task-1
823f24f3-dbae-47fc-8852-be9f9542a25e,After runMeInAsync,user2,http-nio-7688-exec-17
d65369f4-5bd4-4011-ba85-c89773a3059a,Inside userDetails,user1,http-nio-7688-exec-7
d65369f4-5bd4-4011-ba85-c89773a3059a,After runInFuture,user1,http-nio-7688-exec-7
d65369f4-5bd4-4011-ba85-c89773a3059a,After runMeInAsync,user1,http-nio-7688-exec-7
d65369f4-5bd4-4011-ba85-c89773a3059a,Inside runMeInAsync,null,task-3
56d66c3b-3e35-4b98-897f-2cf0a8a0a33c,Inside userDetails,user2,http-nio-7688-exec-4
56d66c3b-3e35-4b98-897f-2cf0a8a0a33c,After runInFuture,user2,http-nio-7688-exec-4
56d66c3b-3e35-4b98-897f-2cf0a8a0a33c,Inside runMeInAsync,null,task-4
56d66c3b-3e35-4b98-897f-2cf0a8a0a33c,After runMeInAsync,user2,http-nio-7688-exec-4
bece9a19-e030-4354-a4cd-1166a28889f5,Inside userDetails,user1,http-nio-7688-exec-12
bece9a19-e030-4354-a4cd-1166a28889f5,After runInFuture,user1,http-nio-7688-exec-12
bece9a19-e030-4354-a4cd-1166a28889f5,After runMeInAsync,user1,http-nio-7688-exec-12
bece9a19-e030-4354-a4cd-1166a28889f5,Inside runMeInAsync,null,task-6
235c6998-86cf-4f81-bfac-e9cd050ab53b,Inside userDetails,user1,http-nio-7688-exec-18
235c6998-86cf-4f81-bfac-e9cd050ab53b,After runInFuture,user1,http-nio-7688-exec-18
235c6998-86cf-4f81-bfac-e9cd050ab53b,Inside runMeInAsync,null,task-5
235c6998-86cf-4f81-bfac-e9cd050ab53b,After runMeInAsync,user1,http-nio-7688-exec-18
04dbf777-73de-4e65-9e67-8dc9d254c7d9,Inside userDetails,user2,http-nio-7688-exec-13
04dbf777-73de-4e65-9e67-8dc9d254c7d9,After runInFuture,user2,http-nio-7688-exec-13
04dbf777-73de-4e65-9e67-8dc9d254c7d9,Inside runMeInAsync,null,task-2
04dbf777-73de-4e65-9e67-8dc9d254c7d9,After runMeInAsync,user2,http-nio-7688-exec-13
d233a809-9830-493a-a1e9-4fb2f00916d3,Inside userDetails,user2,http-nio-7688-exec-15
d233a809-9830-493a-a1e9-4fb2f00916d3,After runInFuture,user2,http-nio-7688-exec-15
d233a809-9830-493a-a1e9-4fb2f00916d3,Inside runMeInAsync,null,task-8
d233a809-9830-493a-a1e9-4fb2f00916d3,After runMeInAsync,user2,http-nio-7688-exec-15
9b01d1c5-e6a4-4cd8-a63d-5d5c09519ba3,Inside userDetails,user1,http-nio-7688-exec-2
9b01d1c5-e6a4-4cd8-a63d-5d5c09519ba3,After runInFuture,user1,http-nio-7688-exec-2
9b01d1c5-e6a4-4cd8-a63d-5d5c09519ba3,Inside runMeInAsync,null,task-7
9b01d1c5-e6a4-4cd8-a63d-5d5c09519ba3,After runMeInAsync,user1,http-nio-7688-exec-2
dde33a2a-e944-47ad-9216-adc789e39a0b,Inside userDetails,user1,http-nio-7688-exec-5
dde33a2a-e944-47ad-9216-adc789e39a0b,After runInFuture,user1,http-nio-7688-exec-5
dde33a2a-e944-47ad-9216-adc789e39a0b,After runMeInAsync,user1,http-nio-7688-exec-5
dde33a2a-e944-47ad-9216-adc789e39a0b,Inside runMeInAsync,null,task-1
fe5dc55a-0236-49ac-bf22-e91a28704c36,Inside userDetails,user2,http-nio-7688-exec-8
fe5dc55a-0236-49ac-bf22-e91a28704c36,After runInFuture,user2,http-nio-7688-exec-8
fe5dc55a-0236-49ac-bf22-e91a28704c36,Inside runMeInAsync,null,task-3
fe5dc55a-0236-49ac-bf22-e91a28704c36,After runMeInAsync,user2,http-nio-7688-exec-8
b8c91ee1-35de-4bda-a414-6cf9835893d4,Inside userDetails,user2,http-nio-7688-exec-3
b8c91ee1-35de-4bda-a414-6cf9835893d4,After runInFuture,user2,http-nio-7688-exec-3
b8c91ee1-35de-4bda-a414-6cf9835893d4,Inside runMeInAsync,null,task-4
b8c91ee1-35de-4bda-a414-6cf9835893d4,After runMeInAsync,user2,http-nio-7688-exec-3
9c13330a-c377-4c5b-8212-0309061621db,Inside userDetails,user2,http-nio-7688-exec-16
9c13330a-c377-4c5b-8212-0309061621db,After runInFuture,user2,http-nio-7688-exec-16
9c13330a-c377-4c5b-8212-0309061621db,After runMeInAsync,user2,http-nio-7688-exec-16
9c13330a-c377-4c5b-8212-0309061621db,Inside runMeInAsync,null,task-6
90d9270c-c9ff-4406-b6ee-87f5e4ff947c,Inside userDetails,user1,http-nio-7688-exec-12
90d9270c-c9ff-4406-b6ee-87f5e4ff947c,After runInFuture,user1,http-nio-7688-exec-12
90d9270c-c9ff-4406-b6ee-87f5e4ff947c,After runMeInAsync,user1,http-nio-7688-exec-12
90d9270c-c9ff-4406-b6ee-87f5e4ff947c,Inside runMeInAsync,null,task-5
97dd34ad-db54-4aa1-b781-1aac6d669dbd,Inside userDetails,user1,http-nio-7688-exec-10
97dd34ad-db54-4aa1-b781-1aac6d669dbd,After runInFuture,user1,http-nio-7688-exec-10
97dd34ad-db54-4aa1-b781-1aac6d669dbd,Inside runMeInAsync,null,task-2
97dd34ad-db54-4aa1-b781-1aac6d669dbd,After runMeInAsync,user1,http-nio-7688-exec-10
7591521f-3b1f-4ac3-9cec-d0583f249a52,Inside userDetails,user2,http-nio-7688-exec-7
7591521f-3b1f-4ac3-9cec-d0583f249a52,After runInFuture,user2,http-nio-7688-exec-7
7591521f-3b1f-4ac3-9cec-d0583f249a52,After runMeInAsync,user2,http-nio-7688-exec-7
7591521f-3b1f-4ac3-9cec-d0583f249a52,Inside runMeInAsync,null,task-8
f485093c-aa61-4fd8-8b39-ae5aef070230,Inside userDetails,user2,http-nio-7688-exec-9
f485093c-aa61-4fd8-8b39-ae5aef070230,After runInFuture,user2,http-nio-7688-exec-9
f485093c-aa61-4fd8-8b39-ae5aef070230,Inside runMeInAsync,null,task-7
f485093c-aa61-4fd8-8b39-ae5aef070230,After runMeInAsync,user2,http-nio-7688-exec-9
09a89405-99d4-4625-bdcf-5e06e1cd101a,Inside userDetails,user1,http-nio-7688-exec-1
09a89405-99d4-4625-bdcf-5e06e1cd101a,After runInFuture,user1,http-nio-7688-exec-1
09a89405-99d4-4625-bdcf-5e06e1cd101a,Inside runMeInAsync,null,task-1
09a89405-99d4-4625-bdcf-5e06e1cd101a,After runMeInAsync,user1,http-nio-7688-exec-1
ee89b7e2-e25b-4278-abc5-8cfbf814fea3,Inside userDetails,user2,http-nio-7688-exec-6
ee89b7e2-e25b-4278-abc5-8cfbf814fea3,After runInFuture,user2,http-nio-7688-exec-6
ee89b7e2-e25b-4278-abc5-8cfbf814fea3,Inside runMeInAsync,null,task-3
ee89b7e2-e25b-4278-abc5-8cfbf814fea3,After runMeInAsync,user2,http-nio-7688-exec-6
0826db8f-f335-4702-8b6f-b1ae12ed21d8,Inside userDetails,user2,http-nio-7688-exec-18
0826db8f-f335-4702-8b6f-b1ae12ed21d8,After runInFuture,user2,http-nio-7688-exec-18
0826db8f-f335-4702-8b6f-b1ae12ed21d8,After runMeInAsync,user2,http-nio-7688-exec-18
0826db8f-f335-4702-8b6f-b1ae12ed21d8,Inside runMeInAsync,null,task-4
1cd58dd5-9334-4245-8797-8cdecb0a133a,Inside userDetails,user1,http-nio-7688-exec-4
1cd58dd5-9334-4245-8797-8cdecb0a133a,After runInFuture,user1,http-nio-7688-exec-4
1cd58dd5-9334-4245-8797-8cdecb0a133a,Inside runMeInAsync,null,task-6
1cd58dd5-9334-4245-8797-8cdecb0a133a,After runMeInAsync,user1,http-nio-7688-exec-4
e0ca2661-7ab8-4624-a741-5b9025666e84,Inside userDetails,user1,http-nio-7688-exec-15
e0ca2661-7ab8-4624-a741-5b9025666e84,After runInFuture,user1,http-nio-7688-exec-15
e0ca2661-7ab8-4624-a741-5b9025666e84,Inside runMeInAsync,null,task-5
e0ca2661-7ab8-4624-a741-5b9025666e84,After runMeInAsync,user1,http-nio-7688-exec-15
850a2703-f3fb-436c-a84e-5f5daa87d97d,Inside userDetails,user1,http-nio-7688-exec-11
850a2703-f3fb-436c-a84e-5f5daa87d97d,After runInFuture,user1,http-nio-7688-exec-11
850a2703-f3fb-436c-a84e-5f5daa87d97d,Inside runMeInAsync,null,task-2
850a2703-f3fb-436c-a84e-5f5daa87d97d,After runMeInAsync,user1,http-nio-7688-exec-11
21034da2-a2c4-41ac-92f2-7acb1b071f09,Inside userDetails,user2,http-nio-7688-exec-5
21034da2-a2c4-41ac-92f2-7acb1b071f09,After runInFuture,user2,http-nio-7688-exec-5
21034da2-a2c4-41ac-92f2-7acb1b071f09,Inside runMeInAsync,null,task-8
21034da2-a2c4-41ac-92f2-7acb1b071f09,After runMeInAsync,user2,http-nio-7688-exec-5
9b923be1-5e95-42d8-bff3-4c69be885f92,Inside userDetails,user1,http-nio-7688-exec-14
9b923be1-5e95-42d8-bff3-4c69be885f92,After runInFuture,user1,http-nio-7688-exec-14
9b923be1-5e95-42d8-bff3-4c69be885f92,Inside runMeInAsync,null,task-7
9b923be1-5e95-42d8-bff3-4c69be885f92,After runMeInAsync,user1,http-nio-7688-exec-14
94c8efb2-3a44-44a6-b6af-015d1433ee9a,Inside runInFuture,user1,ForkJoinPool.commonPool-worker-4
33460f2b-7705-47fe-9183-166ebb8b2ea9,Inside runInFuture,user1,ForkJoinPool.commonPool-worker-2
823da20b-f074-46d8-8283-32b6aee15447,Inside runInFuture,user1,ForkJoinPool.commonPool-worker-1
3254065d-78b6-49f6-b8ce-ddf8eb62f063,Inside runInFuture,user2,ForkJoinPool.commonPool-worker-1
d683396f-23ae-4eaf-98a7-721babb2bcae,Inside runInFuture,user2,ForkJoinPool.commonPool-worker-1
a01f5455-9590-4d70-b7e4-95673c457a4e,Inside runInFuture,user2,ForkJoinPool.commonPool-worker-1
54cf3928-f81f-49c7-96a0-6137c8fe6eb4,Inside runInFuture,user1,ForkJoinPool.commonPool-worker-3
abe8ba00-3cdd-46f5-8409-490afbb4d863,Inside runInFuture,user1,ForkJoinPool.commonPool-worker-5
d233a809-9830-493a-a1e9-4fb2f00916d3,Inside runInFuture,user2,ForkJoinPool.commonPool-worker-5
b8c91ee1-35de-4bda-a414-6cf9835893d4,Inside runInFuture,user2,ForkJoinPool.commonPool-worker-5
ee89b7e2-e25b-4278-abc5-8cfbf814fea3,Inside runInFuture,user2,ForkJoinPool.commonPool-worker-5
1486494d-d164-459e-b611-19bc56bf6cd1,Inside runInFuture,user1,ForkJoinPool.commonPool-worker-6
8242ad01-5ee0-4987-b4f6-b3b3c4112694,Inside userDetails,user2,http-nio-7688-exec-18
8242ad01-5ee0-4987-b4f6-b3b3c4112694,After runInFuture,user2,http-nio-7688-exec-18
8242ad01-5ee0-4987-b4f6-b3b3c4112694,After runMeInAsync,user2,http-nio-7688-exec-18
8242ad01-5ee0-4987-b4f6-b3b3c4112694,Inside runMeInAsync,null,task-1
10bdc501-95a1-44b0-84c7-a213b114f384,Inside runInFuture,user1,ForkJoinPool.commonPool-worker-7
51c2db46-2f83-44b1-8f58-1d726a0ad47c,Inside runInFuture,user1,ForkJoinPool.commonPool-worker-4
7036ce4a-9df5-4266-8ee3-6b150bf98b9a,Inside runInFuture,user1,ForkJoinPool.commonPool-worker-2
aa9a12b8-23ce-433b-98b4-d3ddb185fcb1,Inside runInFuture,user1,ForkJoinPool.commonPool-worker-1
ff1863cb-b90a-4096-a450-e89301b55634,Inside runInFuture,user2,ForkJoinPool.commonPool-worker-1
370b809a-beb2-4430-9959-e98ccd6c6b02,Inside runInFuture,user2,ForkJoinPool.commonPool-worker-1
a6a97911-a9fa-47e4-99a0-7083533e2292,Inside runInFuture,user1,ForkJoinPool.commonPool-worker-3
a3ab3aec-0b6d-4cf4-a571-ea5482d7628a,Inside runInFuture,user2,ForkJoinPool.commonPool-worker-3
e0ca2661-7ab8-4624-a741-5b9025666e84,Inside runInFuture,user1,ForkJoinPool.commonPool-worker-5
0873a030-3709-4c0b-b7cc-e97ca9419fb8,Inside runInFuture,user2,ForkJoinPool.commonPool-worker-5
6548dc6e-cfc6-4a54-af01-8eb1746d058b,Inside runInFuture,user1,ForkJoinPool.commonPool-worker-6
ac2733b1-f8db-4ac8-a932-0bd548203539,Inside runInFuture,user2,ForkJoinPool.commonPool-worker-6
879452cf-1f91-43be-9f37-6b33a73408f1,Inside runInFuture,user2,ForkJoinPool.commonPool-worker-6
823f24f3-dbae-47fc-8852-be9f9542a25e,Inside runInFuture,user2,ForkJoinPool.commonPool-worker-6
7e1b2d07-885e-43f9-809d-6ef6c874bf79,Inside runInFuture,user1,ForkJoinPool.commonPool-worker-7
20a4ce08-afcf-4826-ac25-965500111593,Inside runInFuture,user1,ForkJoinPool.commonPool-worker-4
b545530a-82ef-4f9c-be6a-1e3411b9905e,Inside runInFuture,user1,ForkJoinPool.commonPool-worker-2
37dd1a80-d8ce-45ae-b638-c96915820ec4,Inside runInFuture,user2,ForkJoinPool.commonPool-worker-2
9e140994-bcf6-483b-9691-30d613a54978,Inside runInFuture,user2,ForkJoinPool.commonPool-worker-2
4e696ea2-3b3b-4e5c-b8b9-e1f68934227a,Inside runInFuture,user1,ForkJoinPool.commonPool-worker-1
f485093c-aa61-4fd8-8b39-ae5aef070230,Inside runInFuture,user2,ForkJoinPool.commonPool-worker-1
5f5e1370-924f-4b01-8d6d-bc921baf7ea0,Inside runInFuture,user1,ForkJoinPool.commonPool-worker-3
d65369f4-5bd4-4011-ba85-c89773a3059a,Inside runInFuture,user1,ForkJoinPool.commonPool-worker-5
9b01d1c5-e6a4-4cd8-a63d-5d5c09519ba3,Inside runInFuture,user1,ForkJoinPool.commonPool-worker-6
98be781a-5ea7-4b7d-b6fd-4d50eb5bb8e7,Inside runInFuture,user1,ForkJoinPool.commonPool-worker-7
138387e4-4809-4ce8-a1ba-7d08f6452327,Inside runInFuture,user1,ForkJoinPool.commonPool-worker-4
cb4eb737-968a-4443-8991-adcb9cf6df98,Inside runInFuture,user1,ForkJoinPool.commonPool-worker-2
7b7a61c6-afd0-416d-8391-9c68e8c7815e,Inside runInFuture,user1,ForkJoinPool.commonPool-worker-1
235c6998-86cf-4f81-bfac-e9cd050ab53b,Inside runInFuture,user1,ForkJoinPool.commonPool-worker-3
31c725c5-d423-42dd-9ab9-7f7e80e5b853,Inside runInFuture,user2,ForkJoinPool.commonPool-worker-1
7591521f-3b1f-4ac3-9cec-d0583f249a52,Inside runInFuture,user2,ForkJoinPool.commonPool-worker-3
0826db8f-f335-4702-8b6f-b1ae12ed21d8,Inside runInFuture,user2,ForkJoinPool.commonPool-worker-3
21034da2-a2c4-41ac-92f2-7acb1b071f09,Inside runInFuture,user2,ForkJoinPool.commonPool-worker-3
8242ad01-5ee0-4987-b4f6-b3b3c4112694,Inside runInFuture,user2,ForkJoinPool.commonPool-worker-3
a5996b75-8c8b-4882-ab24-61bd79d9a747,Inside runInFuture,user2,ForkJoinPool.commonPool-worker-3
dde33a2a-e944-47ad-9216-adc789e39a0b,Inside runInFuture,user1,ForkJoinPool.commonPool-worker-5
5362d152-d3fe-4f65-bc57-d1348f95e372,Inside runInFuture,user2,ForkJoinPool.commonPool-worker-5
81e6bf70-95be-4071-a865-337f11d1d5ce,Inside runInFuture,user2,ForkJoinPool.commonPool-worker-5
dd19eed1-187f-485c-b491-62868e0516e1,Inside runInFuture,user1,ForkJoinPool.commonPool-worker-6
d616f5e1-d6ee-44f4-a56b-8d9293aecb77,Inside runInFuture,user2,ForkJoinPool.commonPool-worker-6
4fcd2e2c-026a-4f01-a494-5aec3e571980,Inside runInFuture,user2,ForkJoinPool.commonPool-worker-6
797dd8ea-d731-4ad2-a4f3-45926ac5177c,Inside runInFuture,user2,ForkJoinPool.commonPool-worker-6
03032337-87a8-4ecd-8e6a-3fc3a31cd833,Inside runInFuture,user1,ForkJoinPool.commonPool-worker-7
fe5dc55a-0236-49ac-bf22-e91a28704c36,Inside runInFuture,user2,ForkJoinPool.commonPool-worker-7
9c13330a-c377-4c5b-8212-0309061621db,Inside runInFuture,user2,ForkJoinPool.commonPool-worker-7
850a2703-f3fb-436c-a84e-5f5daa87d97d,Inside runInFuture,user1,ForkJoinPool.commonPool-worker-4
7413b331-d62a-41dc-ae5e-366628671c5a,Inside runInFuture,user1,ForkJoinPool.commonPool-worker-2
69126408-2dc5-4582-9951-9d4f23b420dd,Inside runInFuture,user1,ForkJoinPool.commonPool-worker-1
04dbf777-73de-4e65-9e67-8dc9d254c7d9,Inside runInFuture,user2,ForkJoinPool.commonPool-worker-1
5b88008f-dec8-47f2-ad47-16dc34113e68,Inside runInFuture,user1,ForkJoinPool.commonPool-worker-3
746852c3-5b50-40a0-a703-b11bc84d9188,Inside runInFuture,user2,ForkJoinPool.commonPool-worker-3
bece9a19-e030-4354-a4cd-1166a28889f5,Inside runInFuture,user1,ForkJoinPool.commonPool-worker-5
f9dfe900-3495-47a2-bd8d-d671db9b10b6,Inside runInFuture,user2,ForkJoinPool.commonPool-worker-5
4c3bffa2-58e5-4f54-a3e2-21825cde51a6,Inside runInFuture,user2,ForkJoinPool.commonPool-worker-5
33715f38-217e-4ea9-99c9-ca6788d4690a,Inside runInFuture,user1,ForkJoinPool.commonPool-worker-6
90d9270c-c9ff-4406-b6ee-87f5e4ff947c,Inside runInFuture,user1,ForkJoinPool.commonPool-worker-7
56d66c3b-3e35-4b98-897f-2cf0a8a0a33c,Inside runInFuture,user2,ForkJoinPool.commonPool-worker-7
3f4d1306-43d7-444b-8303-c0aa161b5c3a,Inside runInFuture,user1,ForkJoinPool.commonPool-worker-4
9b923be1-5e95-42d8-bff3-4c69be885f92,Inside runInFuture,user1,ForkJoinPool.commonPool-worker-2
09a89405-99d4-4625-bdcf-5e06e1cd101a,Inside runInFuture,user1,ForkJoinPool.commonPool-worker-1
7de915a0-2353-422e-aa99-e7d701082222,Inside runInFuture,user1,ForkJoinPool.commonPool-worker-3
fe502b6f-586d-45ef-8700-f67a4554dbbf,Inside runInFuture,user1,ForkJoinPool.commonPool-worker-5
cb7eda98-4487-42f6-9243-ab67d59b6197,Inside runInFuture,user1,ForkJoinPool.commonPool-worker-6
97dd34ad-db54-4aa1-b781-1aac6d669dbd,Inside runInFuture,user1,ForkJoinPool.commonPool-worker-7
1cd58dd5-9334-4245-8797-8cdecb0a133a,Inside runInFuture,user1,ForkJoinPool.commonPool-worker-4
4cd16c3e-d6c1-473d-9213-7667dc2fc1a9,Inside userDetails,user2,http-nio-7688-exec-14
c4ed7223-e1e2-42e7-9723-614ec8abbde0,Inside userDetails,user2,http-nio-7688-exec-18
b779dcf3-ea86-4519-8741-fe3f405c69d3,Inside userDetails,user2,http-nio-7688-exec-20
bc329582-14bd-4c0e-b894-ebb1f58caffe,Inside userDetails,user2,http-nio-7688-exec-5
515c3d3e-b263-41da-aa4b-84f715039c36,Inside userDetails,user2,http-nio-7688-exec-12
465b3914-fce8-4f8d-9a08-911d439be2f5,Inside userDetails,user2,http-nio-7688-exec-1
2b6ddac6-dd2c-49bf-8f8b-a31a8aac3021,Inside userDetails,user1,http-nio-7688-exec-4
7acbe780-4f9d-4355-850a-06eca5cb0b2a,Inside userDetails,user2,http-nio-7688-exec-8
eec7b237-10b4-40e0-9e7f-56b902b8327d,Inside userDetails,user1,http-nio-7688-exec-11
7045e92d-6ebc-4449-a7f8-84c46c3e43fa,Inside userDetails,user1,http-nio-7688-exec-17
7171e915-2f9c-4324-ad8c-008fee532f60,Inside userDetails,user2,http-nio-7688-exec-6
442c543d-e8e1-4288-9dab-e7aa3ab4c5fb,Inside userDetails,user2,http-nio-7688-exec-7
343ec2ed-762b-43cf-b000-7fdbf0469fa7,Inside userDetails,user1,http-nio-7688-exec-10
7437f2b2-bf74-433f-a17b-1a8686b2db23,Inside userDetails,user1,http-nio-7688-exec-2
2b6ddac6-dd2c-49bf-8f8b-a31a8aac3021,After runInFuture,user1,http-nio-7688-exec-4
7437f2b2-bf74-433f-a17b-1a8686b2db23,After runInFuture,user1,http-nio-7688-exec-2
7171e915-2f9c-4324-ad8c-008fee532f60,After runInFuture,user2,http-nio-7688-exec-6
442c543d-e8e1-4288-9dab-e7aa3ab4c5fb,After runInFuture,user2,http-nio-7688-exec-7
4cd16c3e-d6c1-473d-9213-7667dc2fc1a9,After runInFuture,user2,http-nio-7688-exec-14
eec7b237-10b4-40e0-9e7f-56b902b8327d,After runInFuture,user1,http-nio-7688-exec-11
343ec2ed-762b-43cf-b000-7fdbf0469fa7,After runInFuture,user1,http-nio-7688-exec-10
f611f34e-1d05-400f-aad7-efbc50d86717,Inside userDetails,user1,http-nio-7688-exec-19
f611f34e-1d05-400f-aad7-efbc50d86717,After runInFuture,user1,http-nio-7688-exec-19
e7c0340e-55d2-4b75-b1e8-222e9a38a515,Inside userDetails,user2,http-nio-7688-exec-16
e7c0340e-55d2-4b75-b1e8-222e9a38a515,After runInFuture,user2,http-nio-7688-exec-16
e7c0340e-55d2-4b75-b1e8-222e9a38a515,After runMeInAsync,user2,http-nio-7688-exec-16
2961c439-e5f8-4433-862b-df5ebdb9790a,Inside userDetails,user1,http-nio-7688-exec-9
9e149ef0-e432-4984-b3c8-d65ccf0e5887,Inside userDetails,user1,http-nio-7688-exec-15
2961c439-e5f8-4433-862b-df5ebdb9790a,After runInFuture,user1,http-nio-7688-exec-9
9e149ef0-e432-4984-b3c8-d65ccf0e5887,After runInFuture,user1,http-nio-7688-exec-15
2961c439-e5f8-4433-862b-df5ebdb9790a,After runMeInAsync,user1,http-nio-7688-exec-9
9e149ef0-e432-4984-b3c8-d65ccf0e5887,After runMeInAsync,user1,http-nio-7688-exec-15
7acbe780-4f9d-4355-850a-06eca5cb0b2a,After runInFuture,user2,http-nio-7688-exec-8
7acbe780-4f9d-4355-850a-06eca5cb0b2a,After runMeInAsync,user2,http-nio-7688-exec-8
465b3914-fce8-4f8d-9a08-911d439be2f5,After runInFuture,user2,http-nio-7688-exec-1
465b3914-fce8-4f8d-9a08-911d439be2f5,After runMeInAsync,user2,http-nio-7688-exec-1
b779dcf3-ea86-4519-8741-fe3f405c69d3,Inside runInFuture,user2,ForkJoinPool.commonPool-worker-2
c4ed7223-e1e2-42e7-9723-614ec8abbde0,After runInFuture,user2,http-nio-7688-exec-18
c4ed7223-e1e2-42e7-9723-614ec8abbde0,After runMeInAsync,user2,http-nio-7688-exec-18
515c3d3e-b263-41da-aa4b-84f715039c36,Inside runInFuture,user2,ForkJoinPool.commonPool-worker-3
bc329582-14bd-4c0e-b894-ebb1f58caffe,After runInFuture,user2,http-nio-7688-exec-5
515c3d3e-b263-41da-aa4b-84f715039c36,After runInFuture,user2,http-nio-7688-exec-12
bc329582-14bd-4c0e-b894-ebb1f58caffe,After runMeInAsync,user2,http-nio-7688-exec-5
515c3d3e-b263-41da-aa4b-84f715039c36,After runMeInAsync,user2,http-nio-7688-exec-12
7171e915-2f9c-4324-ad8c-008fee532f60,Inside runInFuture,user2,ForkJoinPool.commonPool-worker-4
442c543d-e8e1-4288-9dab-e7aa3ab4c5fb,Inside runInFuture,user2,ForkJoinPool.commonPool-worker-5
642e7489-cce5-48bf-b6c1-26cea1492d36,Inside userDetails,user1,http-nio-7688-exec-3
642e7489-cce5-48bf-b6c1-26cea1492d36,After runInFuture,user1,http-nio-7688-exec-3
642e7489-cce5-48bf-b6c1-26cea1492d36,After runMeInAsync,user1,http-nio-7688-exec-3
2abed9bd-e465-4d43-a955-7a418ba8f763,Inside userDetails,user1,http-nio-7688-exec-13
2abed9bd-e465-4d43-a955-7a418ba8f763,After runInFuture,user1,http-nio-7688-exec-13
2abed9bd-e465-4d43-a955-7a418ba8f763,After runMeInAsync,user1,http-nio-7688-exec-13
b779dcf3-ea86-4519-8741-fe3f405c69d3,After runInFuture,user2,http-nio-7688-exec-20
b779dcf3-ea86-4519-8741-fe3f405c69d3,After runMeInAsync,user2,http-nio-7688-exec-20
465b3914-fce8-4f8d-9a08-911d439be2f5,Inside runInFuture,user2,ForkJoinPool.commonPool-worker-6
7045e92d-6ebc-4449-a7f8-84c46c3e43fa,After runInFuture,user1,http-nio-7688-exec-17
7045e92d-6ebc-4449-a7f8-84c46c3e43fa,After runMeInAsync,user1,http-nio-7688-exec-17
7acbe780-4f9d-4355-850a-06eca5cb0b2a,Inside runInFuture,user2,ForkJoinPool.commonPool-worker-7
4cd16c3e-d6c1-473d-9213-7667dc2fc1a9,Inside runInFuture,user2,ForkJoinPool.commonPool-worker-7
eec7b237-10b4-40e0-9e7f-56b902b8327d,After runMeInAsync,user1,http-nio-7688-exec-11
343ec2ed-762b-43cf-b000-7fdbf0469fa7,After runMeInAsync,user1,http-nio-7688-exec-10
b21359b8-2200-44c2-bb0c-503ca2d89331,Inside userDetails,user1,http-nio-7688-exec-18
b21359b8-2200-44c2-bb0c-503ca2d89331,After runInFuture,user1,http-nio-7688-exec-18
2b6ddac6-dd2c-49bf-8f8b-a31a8aac3021,After runMeInAsync,user1,http-nio-7688-exec-4
b21359b8-2200-44c2-bb0c-503ca2d89331,After runMeInAsync,user1,http-nio-7688-exec-18
442c543d-e8e1-4288-9dab-e7aa3ab4c5fb,After runMeInAsync,user2,http-nio-7688-exec-7
7437f2b2-bf74-433f-a17b-1a8686b2db23,After runMeInAsync,user1,http-nio-7688-exec-2
eec7b237-10b4-40e0-9e7f-56b902b8327d,Inside runMeInAsync,null,task-1
7437f2b2-bf74-433f-a17b-1a8686b2db23,Inside runMeInAsync,null,task-5
2961c439-e5f8-4433-862b-df5ebdb9790a,Inside runMeInAsync,null,task-5
9e149ef0-e432-4984-b3c8-d65ccf0e5887,Inside runMeInAsync,null,task-5
7acbe780-4f9d-4355-850a-06eca5cb0b2a,Inside runMeInAsync,null,task-5
465b3914-fce8-4f8d-9a08-911d439be2f5,Inside runMeInAsync,null,task-5
e7c0340e-55d2-4b75-b1e8-222e9a38a515,Inside runMeInAsync,null,task-1
bc329582-14bd-4c0e-b894-ebb1f58caffe,Inside runMeInAsync,null,task-1
515c3d3e-b263-41da-aa4b-84f715039c36,Inside runMeInAsync,null,task-1
642e7489-cce5-48bf-b6c1-26cea1492d36,Inside runMeInAsync,null,task-1
2abed9bd-e465-4d43-a955-7a418ba8f763,Inside runMeInAsync,null,task-1
b779dcf3-ea86-4519-8741-fe3f405c69d3,Inside runMeInAsync,null,task-1
7045e92d-6ebc-4449-a7f8-84c46c3e43fa,Inside runMeInAsync,null,task-1
b21359b8-2200-44c2-bb0c-503ca2d89331,Inside runMeInAsync,null,task-1
c4ed7223-e1e2-42e7-9723-614ec8abbde0,Inside runMeInAsync,null,task-5
4cd16c3e-d6c1-473d-9213-7667dc2fc1a9,After runMeInAsync,user2,http-nio-7688-exec-14
f611f34e-1d05-400f-aad7-efbc50d86717,After runMeInAsync,user1,http-nio-7688-exec-19
7171e915-2f9c-4324-ad8c-008fee532f60,After runMeInAsync,user2,http-nio-7688-exec-6
7171e915-2f9c-4324-ad8c-008fee532f60,Inside runMeInAsync,null,task-8
343ec2ed-762b-43cf-b000-7fdbf0469fa7,Inside runMeInAsync,null,task-2
f611f34e-1d05-400f-aad7-efbc50d86717,Inside runMeInAsync,null,task-7
2b6ddac6-dd2c-49bf-8f8b-a31a8aac3021,Inside runMeInAsync,null,task-3
442c543d-e8e1-4288-9dab-e7aa3ab4c5fb,Inside runMeInAsync,null,task-4
4cd16c3e-d6c1-473d-9213-7667dc2fc1a9,Inside runMeInAsync,null,task-6
a703e148-bd54-4deb-9c43-841ad49262e4,Inside userDetails,user1,http-nio-7688-exec-3
a703e148-bd54-4deb-9c43-841ad49262e4,After runInFuture,user1,http-nio-7688-exec-3
a703e148-bd54-4deb-9c43-841ad49262e4,After runMeInAsync,user1,http-nio-7688-exec-3
a703e148-bd54-4deb-9c43-841ad49262e4,Inside runMeInAsync,null,task-1
8f8ca303-b2c7-4338-848d-adeae9555987,Inside userDetails,user2,http-nio-7688-exec-15
8f8ca303-b2c7-4338-848d-adeae9555987,After runInFuture,user2,http-nio-7688-exec-15
8f8ca303-b2c7-4338-848d-adeae9555987,After runMeInAsync,user2,http-nio-7688-exec-15
8f8ca303-b2c7-4338-848d-adeae9555987,Inside runMeInAsync,null,task-5
28045b20-6da5-48a1-a651-4c9d6fe6c01a,Inside userDetails,user2,http-nio-7688-exec-13
28045b20-6da5-48a1-a651-4c9d6fe6c01a,After runInFuture,user2,http-nio-7688-exec-13
28045b20-6da5-48a1-a651-4c9d6fe6c01a,Inside runMeInAsync,null,task-8
28045b20-6da5-48a1-a651-4c9d6fe6c01a,After runMeInAsync,user2,http-nio-7688-exec-13
ab3d6db8-77da-4e13-8840-0ac6a5a0da22,Inside userDetails,user1,http-nio-7688-exec-9
ab3d6db8-77da-4e13-8840-0ac6a5a0da22,After runInFuture,user1,http-nio-7688-exec-9
ab3d6db8-77da-4e13-8840-0ac6a5a0da22,Inside runMeInAsync,null,task-2
ab3d6db8-77da-4e13-8840-0ac6a5a0da22,After runMeInAsync,user1,http-nio-7688-exec-9
96b3848a-cfb7-49f6-92aa-ca84a0c606bc,Inside userDetails,user2,http-nio-7688-exec-1
96b3848a-cfb7-49f6-92aa-ca84a0c606bc,After runInFuture,user2,http-nio-7688-exec-1
96b3848a-cfb7-49f6-92aa-ca84a0c606bc,Inside runMeInAsync,null,task-7
96b3848a-cfb7-49f6-92aa-ca84a0c606bc,After runMeInAsync,user2,http-nio-7688-exec-1
04ea6a37-9686-490c-81f2-c0dfb057fd36,Inside userDetails,user2,http-nio-7688-exec-8
04ea6a37-9686-490c-81f2-c0dfb057fd36,After runInFuture,user2,http-nio-7688-exec-8
04ea6a37-9686-490c-81f2-c0dfb057fd36,After runMeInAsync,user2,http-nio-7688-exec-8
ecc49745-d718-478d-94d1-b0bc256622d0,Inside userDetails,user1,http-nio-7688-exec-12
ecc49745-d718-478d-94d1-b0bc256622d0,After runInFuture,user1,http-nio-7688-exec-12
04ea6a37-9686-490c-81f2-c0dfb057fd36,Inside runMeInAsync,null,task-3
ecc49745-d718-478d-94d1-b0bc256622d0,Inside runMeInAsync,null,task-4
ecc49745-d718-478d-94d1-b0bc256622d0,After runMeInAsync,user1,http-nio-7688-exec-12
0f3de315-adb7-4b40-9e88-6fbfabb2eda4,Inside userDetails,user2,http-nio-7688-exec-24
0f3de315-adb7-4b40-9e88-6fbfabb2eda4,After runInFuture,user2,http-nio-7688-exec-24
0f3de315-adb7-4b40-9e88-6fbfabb2eda4,Inside runMeInAsync,null,task-6
0f3de315-adb7-4b40-9e88-6fbfabb2eda4,After runMeInAsync,user2,http-nio-7688-exec-24
1487e8c2-9b53-4ae0-acc2-e7269a39be39,Inside userDetails,user2,http-nio-7688-exec-5
1487e8c2-9b53-4ae0-acc2-e7269a39be39,After runInFuture,user2,http-nio-7688-exec-5
1487e8c2-9b53-4ae0-acc2-e7269a39be39,After runMeInAsync,user2,http-nio-7688-exec-5
1487e8c2-9b53-4ae0-acc2-e7269a39be39,Inside runMeInAsync,null,task-1
46b29d40-ed19-428f-8cd2-84c22fce643b,Inside userDetails,user1,http-nio-7688-exec-15
46b29d40-ed19-428f-8cd2-84c22fce643b,After runInFuture,user1,http-nio-7688-exec-15
6a8047f2-fa0a-42a6-a8e2-c8124179f148,Inside userDetails,user1,http-nio-7688-exec-6
46b29d40-ed19-428f-8cd2-84c22fce643b,Inside runMeInAsync,null,task-5
46b29d40-ed19-428f-8cd2-84c22fce643b,After runMeInAsync,user1,http-nio-7688-exec-15
90cf81bb-5ccd-405d-9d41-62b466f039f0,Inside userDetails,user2,http-nio-7688-exec-3
90cf81bb-5ccd-405d-9d41-62b466f039f0,After runInFuture,user2,http-nio-7688-exec-3
90cf81bb-5ccd-405d-9d41-62b466f039f0,Inside runMeInAsync,null,task-8
90cf81bb-5ccd-405d-9d41-62b466f039f0,After runMeInAsync,user2,http-nio-7688-exec-3
6a8047f2-fa0a-42a6-a8e2-c8124179f148,After runInFuture,user1,http-nio-7688-exec-6
6a8047f2-fa0a-42a6-a8e2-c8124179f148,Inside runMeInAsync,null,task-2
6a8047f2-fa0a-42a6-a8e2-c8124179f148,After runMeInAsync,user1,http-nio-7688-exec-6
bd6a2f2d-f74a-49dd-a9bc-3c415d395369,Inside userDetails,user2,http-nio-7688-exec-22
bd6a2f2d-f74a-49dd-a9bc-3c415d395369,After runInFuture,user2,http-nio-7688-exec-22
bd6a2f2d-f74a-49dd-a9bc-3c415d395369,Inside runMeInAsync,null,task-7
bd6a2f2d-f74a-49dd-a9bc-3c415d395369,After runMeInAsync,user2,http-nio-7688-exec-22
abf23f0e-a6e1-4632-a754-967e8e5209ad,Inside userDetails,user2,http-nio-7688-exec-14
abf23f0e-a6e1-4632-a754-967e8e5209ad,After runInFuture,user2,http-nio-7688-exec-14
abf23f0e-a6e1-4632-a754-967e8e5209ad,After runMeInAsync,user2,http-nio-7688-exec-14
abf23f0e-a6e1-4632-a754-967e8e5209ad,Inside runMeInAsync,null,task-3
f975a6ca-1b02-4267-bbd9-8259be5137d5,Inside userDetails,user1,http-nio-7688-exec-18
f975a6ca-1b02-4267-bbd9-8259be5137d5,After runInFuture,user1,http-nio-7688-exec-18
f975a6ca-1b02-4267-bbd9-8259be5137d5,After runMeInAsync,user1,http-nio-7688-exec-18
f975a6ca-1b02-4267-bbd9-8259be5137d5,Inside runMeInAsync,null,task-4
896463f1-8ddf-4a17-baf9-09bfd19e789b,Inside userDetails,user2,http-nio-7688-exec-4
fedb7e7c-9c37-4893-9ef0-364e57ccc89e,Inside userDetails,user2,http-nio-7688-exec-7
896463f1-8ddf-4a17-baf9-09bfd19e789b,After runInFuture,user2,http-nio-7688-exec-4
fedb7e7c-9c37-4893-9ef0-364e57ccc89e,After runInFuture,user2,http-nio-7688-exec-7
91331786-0bf4-43e8-9ced-6a45550bf49c,Inside userDetails,user1,http-nio-7688-exec-21
f47d5d1e-147c-44f7-9b22-9aa4db399e17,Inside userDetails,user1,http-nio-7688-exec-20
3e9ba09e-0b6c-4560-a40b-30742ea4719d,Inside userDetails,user1,http-nio-7688-exec-2
fedb7e7c-9c37-4893-9ef0-364e57ccc89e,Inside runMeInAsync,null,task-1
3e9ba09e-0b6c-4560-a40b-30742ea4719d,After runInFuture,user1,http-nio-7688-exec-2
3e9ba09e-0b6c-4560-a40b-30742ea4719d,After runMeInAsync,user1,http-nio-7688-exec-2
896463f1-8ddf-4a17-baf9-09bfd19e789b,Inside runMeInAsync,null,task-6
896463f1-8ddf-4a17-baf9-09bfd19e789b,After runMeInAsync,user2,http-nio-7688-exec-4
91331786-0bf4-43e8-9ced-6a45550bf49c,After runInFuture,user1,http-nio-7688-exec-21
91331786-0bf4-43e8-9ced-6a45550bf49c,Inside runMeInAsync,null,task-8
91331786-0bf4-43e8-9ced-6a45550bf49c,After runMeInAsync,user1,http-nio-7688-exec-21
fedb7e7c-9c37-4893-9ef0-364e57ccc89e,After runMeInAsync,user2,http-nio-7688-exec-7
b96bea90-9d2f-43d4-bdf1-f952916338a8,Inside userDetails,user1,http-nio-7688-exec-11
3e9ba09e-0b6c-4560-a40b-30742ea4719d,Inside runMeInAsync,null,task-5
f47d5d1e-147c-44f7-9b22-9aa4db399e17,After runInFuture,user1,http-nio-7688-exec-20
f47d5d1e-147c-44f7-9b22-9aa4db399e17,After runMeInAsync,user1,http-nio-7688-exec-20
f47d5d1e-147c-44f7-9b22-9aa4db399e17,Inside runMeInAsync,null,task-2
b96bea90-9d2f-43d4-bdf1-f952916338a8,After runInFuture,user1,http-nio-7688-exec-11
b96bea90-9d2f-43d4-bdf1-f952916338a8,Inside runMeInAsync,null,task-7
b96bea90-9d2f-43d4-bdf1-f952916338a8,After runMeInAsync,user1,http-nio-7688-exec-11
54b4c757-8d08-4603-ba66-4f2d282df2e0,Inside userDetails,user1,http-nio-7688-exec-16
23a7835c-23fe-477c-9492-bc51708f3686,Inside userDetails,user1,http-nio-7688-exec-19
23a7835c-23fe-477c-9492-bc51708f3686,After runInFuture,user1,http-nio-7688-exec-19
54b4c757-8d08-4603-ba66-4f2d282df2e0,After runInFuture,user1,http-nio-7688-exec-16
54b4c757-8d08-4603-ba66-4f2d282df2e0,Inside runMeInAsync,null,task-3
23a7835c-23fe-477c-9492-bc51708f3686,Inside runMeInAsync,null,task-4
54b4c757-8d08-4603-ba66-4f2d282df2e0,After runMeInAsync,user1,http-nio-7688-exec-16
23a7835c-23fe-477c-9492-bc51708f3686,After runMeInAsync,user1,http-nio-7688-exec-19
52b18a2b-f078-41e7-92c9-83fb9fd5f97c,Inside userDetails,user2,http-nio-7688-exec-23
52b18a2b-f078-41e7-92c9-83fb9fd5f97c,After runInFuture,user2,http-nio-7688-exec-23
52b18a2b-f078-41e7-92c9-83fb9fd5f97c,Inside runMeInAsync,null,task-1
52b18a2b-f078-41e7-92c9-83fb9fd5f97c,After runMeInAsync,user2,http-nio-7688-exec-23
067ec4f4-3a18-48ee-84a5-88f8ace2d00b,Inside userDetails,user2,http-nio-7688-exec-13
90e91db6-7429-4e51-ab94-d1b299977a1a,Inside userDetails,user1,http-nio-7688-exec-10
067ec4f4-3a18-48ee-84a5-88f8ace2d00b,After runInFuture,user2,http-nio-7688-exec-13
067ec4f4-3a18-48ee-84a5-88f8ace2d00b,After runMeInAsync,user2,http-nio-7688-exec-13
067ec4f4-3a18-48ee-84a5-88f8ace2d00b,Inside runMeInAsync,null,task-6
6e3b43fe-0bc3-4353-931d-2c86e35f5cb9,Inside userDetails,user2,http-nio-7688-exec-22
90e91db6-7429-4e51-ab94-d1b299977a1a,After runInFuture,user1,http-nio-7688-exec-10
6e3b43fe-0bc3-4353-931d-2c86e35f5cb9,After runInFuture,user2,http-nio-7688-exec-22
90e91db6-7429-4e51-ab94-d1b299977a1a,After runMeInAsync,user1,http-nio-7688-exec-10
90e91db6-7429-4e51-ab94-d1b299977a1a,Inside runMeInAsync,null,task-8
6e3b43fe-0bc3-4353-931d-2c86e35f5cb9,After runMeInAsync,user2,http-nio-7688-exec-22
6e3b43fe-0bc3-4353-931d-2c86e35f5cb9,Inside runMeInAsync,null,task-8
0da9cee7-8809-4fc5-a91e-967bc97ebb32,Inside userDetails,user2,http-nio-7688-exec-6
0da9cee7-8809-4fc5-a91e-967bc97ebb32,After runInFuture,user2,http-nio-7688-exec-6
0da9cee7-8809-4fc5-a91e-967bc97ebb32,After runMeInAsync,user2,http-nio-7688-exec-6
0da9cee7-8809-4fc5-a91e-967bc97ebb32,Inside runMeInAsync,null,task-2
45dcb83f-fbe7-430d-9c95-6589bf44ebf8,Inside userDetails,user2,http-nio-7688-exec-1
87f38516-3af9-4958-8825-56f7b7901b05,Inside userDetails,user1,http-nio-7688-exec-12
87f38516-3af9-4958-8825-56f7b7901b05,After runInFuture,user1,http-nio-7688-exec-12
87f38516-3af9-4958-8825-56f7b7901b05,After runMeInAsync,user1,http-nio-7688-exec-12
87f38516-3af9-4958-8825-56f7b7901b05,Inside runMeInAsync,null,task-7
45dcb83f-fbe7-430d-9c95-6589bf44ebf8,After runInFuture,user2,http-nio-7688-exec-1
45dcb83f-fbe7-430d-9c95-6589bf44ebf8,Inside runMeInAsync,null,task-3
45dcb83f-fbe7-430d-9c95-6589bf44ebf8,After runMeInAsync,user2,http-nio-7688-exec-1
4af40e7c-b76d-401b-9cba-b5aef398238b,Inside userDetails,user1,http-nio-7688-exec-24
4af40e7c-b76d-401b-9cba-b5aef398238b,After runInFuture,user1,http-nio-7688-exec-24
4af40e7c-b76d-401b-9cba-b5aef398238b,Inside runMeInAsync,null,task-4
4af40e7c-b76d-401b-9cba-b5aef398238b,After runMeInAsync,user1,http-nio-7688-exec-24
9d58891f-e480-43a5-a221-abe5ed9c7e10,Inside userDetails,user2,http-nio-7688-exec-3
9d58891f-e480-43a5-a221-abe5ed9c7e10,After runInFuture,user2,http-nio-7688-exec-3
9d58891f-e480-43a5-a221-abe5ed9c7e10,After runMeInAsync,user2,http-nio-7688-exec-3
9d58891f-e480-43a5-a221-abe5ed9c7e10,Inside runMeInAsync,null,task-1
a1789b52-67e9-4528-bef4-7541f7c0cdc8,Inside userDetails,user1,http-nio-7688-exec-5
a1789b52-67e9-4528-bef4-7541f7c0cdc8,After runInFuture,user1,http-nio-7688-exec-5
a1789b52-67e9-4528-bef4-7541f7c0cdc8,After runMeInAsync,user1,http-nio-7688-exec-5
a1789b52-67e9-4528-bef4-7541f7c0cdc8,Inside runMeInAsync,null,task-6
79121cc0-3d49-4d2b-a78f-c1fbac367eb6,Inside userDetails,user1,http-nio-7688-exec-4
79121cc0-3d49-4d2b-a78f-c1fbac367eb6,After runInFuture,user1,http-nio-7688-exec-4
79121cc0-3d49-4d2b-a78f-c1fbac367eb6,Inside runMeInAsync,null,task-8
79121cc0-3d49-4d2b-a78f-c1fbac367eb6,After runMeInAsync,user1,http-nio-7688-exec-4
012220fa-246b-4924-ae05-bc6abbab16e6,Inside userDetails,user1,http-nio-7688-exec-8
012220fa-246b-4924-ae05-bc6abbab16e6,After runInFuture,user1,http-nio-7688-exec-8
012220fa-246b-4924-ae05-bc6abbab16e6,Inside runMeInAsync,null,task-5
012220fa-246b-4924-ae05-bc6abbab16e6,After runMeInAsync,user1,http-nio-7688-exec-8
24c23ebf-8141-4fef-9a53-76b21964df25,Inside userDetails,user2,http-nio-7688-exec-7
e94566a6-d204-440d-b6b3-62674c6b7c38,Inside userDetails,user1,http-nio-7688-exec-23
c2b89f5d-6ed2-4ac8-af6c-cbb5683ae1f9,Inside userDetails,user2,http-nio-7688-exec-9
24c23ebf-8141-4fef-9a53-76b21964df25,After runInFuture,user2,http-nio-7688-exec-7
24c23ebf-8141-4fef-9a53-76b21964df25,After runMeInAsync,user2,http-nio-7688-exec-7
24c23ebf-8141-4fef-9a53-76b21964df25,Inside runMeInAsync,null,task-2
7045e92d-6ebc-4449-a7f8-84c46c3e43fa,Inside runInFuture,user1,ForkJoinPool.commonPool-worker-1
8f8ca303-b2c7-4338-848d-adeae9555987,Inside runInFuture,user2,ForkJoinPool.commonPool-worker-1
28045b20-6da5-48a1-a651-4c9d6fe6c01a,Inside runInFuture,user2,ForkJoinPool.commonPool-worker-1
e94566a6-d204-440d-b6b3-62674c6b7c38,After runInFuture,user1,http-nio-7688-exec-23
e94566a6-d204-440d-b6b3-62674c6b7c38,Inside runMeInAsync,null,task-7
e94566a6-d204-440d-b6b3-62674c6b7c38,After runMeInAsync,user1,http-nio-7688-exec-23
f611f34e-1d05-400f-aad7-efbc50d86717,Inside runInFuture,user1,ForkJoinPool.commonPool-worker-2
7437f2b2-bf74-433f-a17b-1a8686b2db23,Inside runInFuture,user1,ForkJoinPool.commonPool-worker-3
2b6ddac6-dd2c-49bf-8f8b-a31a8aac3021,Inside runInFuture,user1,ForkJoinPool.commonPool-worker-5
bd6a2f2d-f74a-49dd-a9bc-3c415d395369,Inside runInFuture,user2,ForkJoinPool.commonPool-worker-5
896463f1-8ddf-4a17-baf9-09bfd19e789b,Inside runInFuture,user2,ForkJoinPool.commonPool-worker-5
fedb7e7c-9c37-4893-9ef0-364e57ccc89e,Inside runInFuture,user2,ForkJoinPool.commonPool-worker-5
6e3b43fe-0bc3-4353-931d-2c86e35f5cb9,Inside runInFuture,user2,ForkJoinPool.commonPool-worker-5
c2b89f5d-6ed2-4ac8-af6c-cbb5683ae1f9,After runInFuture,user2,http-nio-7688-exec-9
c2b89f5d-6ed2-4ac8-af6c-cbb5683ae1f9,After runMeInAsync,user2,http-nio-7688-exec-9
c2b89f5d-6ed2-4ac8-af6c-cbb5683ae1f9,Inside runMeInAsync,null,task-3
9e149ef0-e432-4984-b3c8-d65ccf0e5887,Inside runInFuture,user1,ForkJoinPool.commonPool-worker-4
22ef71d0-c52c-4be4-8b7c-700d08add431,Inside userDetails,user1,http-nio-7688-exec-10
22ef71d0-c52c-4be4-8b7c-700d08add431,After runInFuture,user1,http-nio-7688-exec-10
22ef71d0-c52c-4be4-8b7c-700d08add431,Inside runMeInAsync,null,task-4
22ef71d0-c52c-4be4-8b7c-700d08add431,After runMeInAsync,user1,http-nio-7688-exec-10
2961c439-e5f8-4433-862b-df5ebdb9790a,Inside runInFuture,user1,ForkJoinPool.commonPool-worker-6
4938e91b-72b9-4c19-bae6-7ae975bc0618,Inside userDetails,user2,http-nio-7688-exec-15
4938e91b-72b9-4c19-bae6-7ae975bc0618,After runInFuture,user2,http-nio-7688-exec-15
4938e91b-72b9-4c19-bae6-7ae975bc0618,Inside runMeInAsync,null,task-1
4938e91b-72b9-4c19-bae6-7ae975bc0618,After runMeInAsync,user2,http-nio-7688-exec-15
cc8dc96b-67a9-42a3-8b2a-f5b54692c30b,Inside userDetails,user2,http-nio-7688-exec-20
cc8dc96b-67a9-42a3-8b2a-f5b54692c30b,After runInFuture,user2,http-nio-7688-exec-20
cc8dc96b-67a9-42a3-8b2a-f5b54692c30b,Inside runMeInAsync,null,task-6
cc8dc96b-67a9-42a3-8b2a-f5b54692c30b,After runMeInAsync,user2,http-nio-7688-exec-20
441c1fe2-2ff6-421d-87d8-42756afb6d13,Inside userDetails,user1,http-nio-7688-exec-21
441c1fe2-2ff6-421d-87d8-42756afb6d13,After runInFuture,user1,http-nio-7688-exec-21
441c1fe2-2ff6-421d-87d8-42756afb6d13,After runMeInAsync,user1,http-nio-7688-exec-21
441c1fe2-2ff6-421d-87d8-42756afb6d13,Inside runMeInAsync,null,task-8
2abed9bd-e465-4d43-a955-7a418ba8f763,Inside runInFuture,user1,ForkJoinPool.commonPool-worker-7
067ec4f4-3a18-48ee-84a5-88f8ace2d00b,Inside runInFuture,user2,ForkJoinPool.commonPool-worker-7
0da9cee7-8809-4fc5-a91e-967bc97ebb32,Inside runInFuture,user2,ForkJoinPool.commonPool-worker-7
4938e91b-72b9-4c19-bae6-7ae975bc0618,Inside runInFuture,user2,ForkJoinPool.commonPool-worker-7
3688998d-6d48-4183-be64-d19b2b7fec73,Inside userDetails,user1,http-nio-7688-exec-17
88de8cac-ba2a-4406-a55c-0e3e20bd0da2,Inside userDetails,user2,http-nio-7688-exec-14
1d8836a8-4a08-4b48-bdc3-58c845b4f5e8,Inside userDetails,user2,http-nio-7688-exec-16
88de8cac-ba2a-4406-a55c-0e3e20bd0da2,After runInFuture,user2,http-nio-7688-exec-14
3688998d-6d48-4183-be64-d19b2b7fec73,After runInFuture,user1,http-nio-7688-exec-17
88de8cac-ba2a-4406-a55c-0e3e20bd0da2,Inside runMeInAsync,null,task-5
88de8cac-ba2a-4406-a55c-0e3e20bd0da2,After runMeInAsync,user2,http-nio-7688-exec-14
1d8836a8-4a08-4b48-bdc3-58c845b4f5e8,After runInFuture,user2,http-nio-7688-exec-16
3688998d-6d48-4183-be64-d19b2b7fec73,Inside runMeInAsync,null,task-2
1d8836a8-4a08-4b48-bdc3-58c845b4f5e8,Inside runMeInAsync,null,task-7
1d8836a8-4a08-4b48-bdc3-58c845b4f5e8,After runMeInAsync,user2,http-nio-7688-exec-16
3688998d-6d48-4183-be64-d19b2b7fec73,After runMeInAsync,user1,http-nio-7688-exec-17
5bd431ac-137d-49fe-83f5-e665595ae81c,Inside userDetails,user1,http-nio-7688-exec-11
5bd431ac-137d-49fe-83f5-e665595ae81c,After runInFuture,user1,http-nio-7688-exec-11
5bd431ac-137d-49fe-83f5-e665595ae81c,Inside runMeInAsync,null,task-3
a98cada5-a8ea-407b-8bfc-9072cfa8e5d1,Inside userDetails,user1,http-nio-7688-exec-18
a98cada5-a8ea-407b-8bfc-9072cfa8e5d1,After runInFuture,user1,http-nio-7688-exec-18
a98cada5-a8ea-407b-8bfc-9072cfa8e5d1,Inside runMeInAsync,null,task-4
a98cada5-a8ea-407b-8bfc-9072cfa8e5d1,After runMeInAsync,user1,http-nio-7688-exec-18
5bd431ac-137d-49fe-83f5-e665595ae81c,After runMeInAsync,user1,http-nio-7688-exec-11
1fb4b404-569b-42d0-802e-39ec26054d77,Inside userDetails,user2,http-nio-7688-exec-22
1fb4b404-569b-42d0-802e-39ec26054d77,After runInFuture,user2,http-nio-7688-exec-22
1fb4b404-569b-42d0-802e-39ec26054d77,Inside runMeInAsync,null,task-1
1fb4b404-569b-42d0-802e-39ec26054d77,After runMeInAsync,user2,http-nio-7688-exec-22
707e6abd-ddd2-4fa4-a9e4-972daa6a41a4,Inside userDetails,user2,http-nio-7688-exec-2
707e6abd-ddd2-4fa4-a9e4-972daa6a41a4,After runInFuture,user2,http-nio-7688-exec-2
707e6abd-ddd2-4fa4-a9e4-972daa6a41a4,After runMeInAsync,user2,http-nio-7688-exec-2
707e6abd-ddd2-4fa4-a9e4-972daa6a41a4,Inside runMeInAsync,null,task-6
5e6bc3d7-ca7a-49b6-8354-b4fc8d73cf16,Inside userDetails,user2,http-nio-7688-exec-24
5e6bc3d7-ca7a-49b6-8354-b4fc8d73cf16,After runInFuture,user2,http-nio-7688-exec-24
5e6bc3d7-ca7a-49b6-8354-b4fc8d73cf16,After runMeInAsync,user2,http-nio-7688-exec-24
5e6bc3d7-ca7a-49b6-8354-b4fc8d73cf16,Inside runMeInAsync,null,task-8
878343ee-4405-40ed-b4a9-97c5e16190cf,Inside userDetails,user1,http-nio-7688-exec-12
878343ee-4405-40ed-b4a9-97c5e16190cf,After runInFuture,user1,http-nio-7688-exec-12
878343ee-4405-40ed-b4a9-97c5e16190cf,After runMeInAsync,user1,http-nio-7688-exec-12
878343ee-4405-40ed-b4a9-97c5e16190cf,Inside runMeInAsync,null,task-5
e810c0a7-b60c-4594-be5c-36a81123c97f,Inside userDetails,user2,http-nio-7688-exec-19
e810c0a7-b60c-4594-be5c-36a81123c97f,After runInFuture,user2,http-nio-7688-exec-19
e810c0a7-b60c-4594-be5c-36a81123c97f,Inside runMeInAsync,null,task-2
e810c0a7-b60c-4594-be5c-36a81123c97f,After runMeInAsync,user2,http-nio-7688-exec-19
e10a44c3-a05d-4100-bc85-98e7755d080e,Inside userDetails,user1,http-nio-7688-exec-13
e10a44c3-a05d-4100-bc85-98e7755d080e,After runInFuture,user1,http-nio-7688-exec-13
e10a44c3-a05d-4100-bc85-98e7755d080e,Inside runMeInAsync,null,task-7
e10a44c3-a05d-4100-bc85-98e7755d080e,After runMeInAsync,user1,http-nio-7688-exec-13
a62168ec-4c4e-4dd9-a762-7dd26c5cf985,Inside userDetails,user1,http-nio-7688-exec-1
a62168ec-4c4e-4dd9-a762-7dd26c5cf985,After runInFuture,user1,http-nio-7688-exec-1
a62168ec-4c4e-4dd9-a762-7dd26c5cf985,Inside runMeInAsync,null,task-3
a62168ec-4c4e-4dd9-a762-7dd26c5cf985,After runMeInAsync,user1,http-nio-7688-exec-1
4dcfbcb8-f9c1-47ea-84e4-5cd63f4655f9,Inside userDetails,user1,http-nio-7688-exec-4
4dcfbcb8-f9c1-47ea-84e4-5cd63f4655f9,After runInFuture,user1,http-nio-7688-exec-4
4dcfbcb8-f9c1-47ea-84e4-5cd63f4655f9,Inside runMeInAsync,null,task-4
4dcfbcb8-f9c1-47ea-84e4-5cd63f4655f9,After runMeInAsync,user1,http-nio-7688-exec-4
bc44e8e9-56e1-4db6-8980-d69ae4a73b7a,Inside userDetails,user2,http-nio-7688-exec-23
bc44e8e9-56e1-4db6-8980-d69ae4a73b7a,After runInFuture,user2,http-nio-7688-exec-23
bc44e8e9-56e1-4db6-8980-d69ae4a73b7a,Inside runMeInAsync,null,task-1
bc44e8e9-56e1-4db6-8980-d69ae4a73b7a,After runMeInAsync,user2,http-nio-7688-exec-23
b93bf0ee-cad3-412b-ab75-faa6e9b41ff9,Inside userDetails,user1,http-nio-7688-exec-5
b93bf0ee-cad3-412b-ab75-faa6e9b41ff9,After runInFuture,user1,http-nio-7688-exec-5
b93bf0ee-cad3-412b-ab75-faa6e9b41ff9,After runMeInAsync,user1,http-nio-7688-exec-5
b93bf0ee-cad3-412b-ab75-faa6e9b41ff9,Inside runMeInAsync,null,task-6
e77ecda5-bbef-4b20-af92-32aa4ab96d01,Inside userDetails,user2,http-nio-7688-exec-15
e77ecda5-bbef-4b20-af92-32aa4ab96d01,After runInFuture,user2,http-nio-7688-exec-15
e77ecda5-bbef-4b20-af92-32aa4ab96d01,After runMeInAsync,user2,http-nio-7688-exec-15
e77ecda5-bbef-4b20-af92-32aa4ab96d01,Inside runMeInAsync,null,task-8
65879658-78b1-41bd-894d-039e54868789,Inside userDetails,user2,http-nio-7688-exec-3
65879658-78b1-41bd-894d-039e54868789,After runInFuture,user2,http-nio-7688-exec-3
65879658-78b1-41bd-894d-039e54868789,After runMeInAsync,user2,http-nio-7688-exec-3
65879658-78b1-41bd-894d-039e54868789,Inside runMeInAsync,null,task-5
86857031-af1a-440f-afd2-77523dce27e7,Inside userDetails,user1,http-nio-7688-exec-20
86857031-af1a-440f-afd2-77523dce27e7,After runInFuture,user1,http-nio-7688-exec-20
86857031-af1a-440f-afd2-77523dce27e7,Inside runMeInAsync,null,task-2
86857031-af1a-440f-afd2-77523dce27e7,After runMeInAsync,user1,http-nio-7688-exec-20
2809d5d5-29e9-40f0-aba7-1ba2dc29899c,Inside userDetails,user2,http-nio-7688-exec-6
2809d5d5-29e9-40f0-aba7-1ba2dc29899c,After runInFuture,user2,http-nio-7688-exec-6
2809d5d5-29e9-40f0-aba7-1ba2dc29899c,After runMeInAsync,user2,http-nio-7688-exec-6
2809d5d5-29e9-40f0-aba7-1ba2dc29899c,Inside runMeInAsync,null,task-7
9f85e1c2-2c5c-4371-a824-741d5cd2ada3,Inside userDetails,user2,http-nio-7688-exec-22
4799d57b-94a8-438f-9f91-44882598d151,Inside userDetails,user2,http-nio-7688-exec-18
9f85e1c2-2c5c-4371-a824-741d5cd2ada3,After runInFuture,user2,http-nio-7688-exec-22
4799d57b-94a8-438f-9f91-44882598d151,After runInFuture,user2,http-nio-7688-exec-18
9f85e1c2-2c5c-4371-a824-741d5cd2ada3,Inside runMeInAsync,null,task-3
4799d57b-94a8-438f-9f91-44882598d151,Inside runMeInAsync,null,task-4
4799d57b-94a8-438f-9f91-44882598d151,After runMeInAsync,user2,http-nio-7688-exec-18
9f85e1c2-2c5c-4371-a824-741d5cd2ada3,After runMeInAsync,user2,http-nio-7688-exec-22
59755327-9fe5-4ee5-9d4a-ce62e194d1d5,Inside userDetails,user2,http-nio-7688-exec-9
59755327-9fe5-4ee5-9d4a-ce62e194d1d5,After runInFuture,user2,http-nio-7688-exec-9
59755327-9fe5-4ee5-9d4a-ce62e194d1d5,Inside runMeInAsync,null,task-1
59755327-9fe5-4ee5-9d4a-ce62e194d1d5,After runMeInAsync,user2,http-nio-7688-exec-9
a0351956-b323-49f5-9d3b-80752d90dae3,Inside userDetails,user1,http-nio-7688-exec-14
87b7698c-ce0f-4897-b8a9-c22b09f23a61,Inside runMeInAsync,null,task-6
66ade5b7-ca6c-4945-8150-18e11b5ed614,Inside userDetails,user1,http-nio-7688-exec-17
01fd44d8-0f4d-4b23-99b8-c2ee264e910e,Inside runMeInAsync,null,task-6
87b7698c-ce0f-4897-b8a9-c22b09f23a61,Inside userDetails,user1,http-nio-7688-exec-10
a0351956-b323-49f5-9d3b-80752d90dae3,After runInFuture,user1,http-nio-7688-exec-14
66ade5b7-ca6c-4945-8150-18e11b5ed614,After runInFuture,user1,http-nio-7688-exec-17
a0351956-b323-49f5-9d3b-80752d90dae3,After runMeInAsync,user1,http-nio-7688-exec-14
66ade5b7-ca6c-4945-8150-18e11b5ed614,After runMeInAsync,user1,http-nio-7688-exec-17
01fd44d8-0f4d-4b23-99b8-c2ee264e910e,Inside userDetails,user1,http-nio-7688-exec-8
87b7698c-ce0f-4897-b8a9-c22b09f23a61,After runInFuture,user1,http-nio-7688-exec-10
01fd44d8-0f4d-4b23-99b8-c2ee264e910e,After runInFuture,user1,http-nio-7688-exec-8
87b7698c-ce0f-4897-b8a9-c22b09f23a61,After runMeInAsync,user1,http-nio-7688-exec-10
01fd44d8-0f4d-4b23-99b8-c2ee264e910e,After runMeInAsync,user1,http-nio-7688-exec-8
a0351956-b323-49f5-9d3b-80752d90dae3,Inside runMeInAsync,null,task-6
66ade5b7-ca6c-4945-8150-18e11b5ed614,Inside runMeInAsync,null,task-8
d90ea5db-25ae-420e-abee-1e1c3927abda,Inside userDetails,user1,http-nio-7688-exec-2
d90ea5db-25ae-420e-abee-1e1c3927abda,After runInFuture,user1,http-nio-7688-exec-2
d90ea5db-25ae-420e-abee-1e1c3927abda,Inside runMeInAsync,null,task-7
d90ea5db-25ae-420e-abee-1e1c3927abda,After runMeInAsync,user1,http-nio-7688-exec-2
76a57f29-6c5e-4633-854a-bfbbc323d255,Inside userDetails,user2,http-nio-7688-exec-16
76a57f29-6c5e-4633-854a-bfbbc323d255,After runInFuture,user2,http-nio-7688-exec-16
0d5f8d73-0b57-46b7-ac2d-64d585debee5,After runInFuture,user2,http-nio-7688-exec-7
76a57f29-6c5e-4633-854a-bfbbc323d255,After runMeInAsync,user2,http-nio-7688-exec-16
0d5f8d73-0b57-46b7-ac2d-64d585debee5,Inside userDetails,user2,http-nio-7688-exec-7
0d5f8d73-0b57-46b7-ac2d-64d585debee5,After runMeInAsync,user2,http-nio-7688-exec-7
76a57f29-6c5e-4633-854a-bfbbc323d255,Inside runMeInAsync,null,task-3
0d5f8d73-0b57-46b7-ac2d-64d585debee5,Inside runMeInAsync,null,task-4
63f11763-6222-47a7-b32c-11021e4dc6dc,Inside userDetails,user1,http-nio-7688-exec-5
63f11763-6222-47a7-b32c-11021e4dc6dc,After runInFuture,user1,http-nio-7688-exec-5
63f11763-6222-47a7-b32c-11021e4dc6dc,Inside runMeInAsync,null,task-1
63f11763-6222-47a7-b32c-11021e4dc6dc,After runMeInAsync,user1,http-nio-7688-exec-5
5e441e0f-361e-492d-97cc-e394398d0d64,After runMeInAsync,user2,http-nio-7688-exec-4
5e441e0f-361e-492d-97cc-e394398d0d64,Inside userDetails,user2,http-nio-7688-exec-4
5e441e0f-361e-492d-97cc-e394398d0d64,After runInFuture,user2,http-nio-7688-exec-4
5e441e0f-361e-492d-97cc-e394398d0d64,Inside runMeInAsync,null,task-5
ff64faa4-7637-4a74-844f-e90cb000b765,Inside userDetails,user1,http-nio-7688-exec-12
ff64faa4-7637-4a74-844f-e90cb000b765,After runInFuture,user1,http-nio-7688-exec-12
ff64faa4-7637-4a74-844f-e90cb000b765,Inside runMeInAsync,null,task-2
ff64faa4-7637-4a74-844f-e90cb000b765,After runMeInAsync,user1,http-nio-7688-exec-12
391745cd-222e-4c6c-8f21-f80e33ffeb80,Inside userDetails,user2,http-nio-7688-exec-24
391745cd-222e-4c6c-8f21-f80e33ffeb80,After runInFuture,user2,http-nio-7688-exec-24
391745cd-222e-4c6c-8f21-f80e33ffeb80,Inside runMeInAsync,null,task-8
391745cd-222e-4c6c-8f21-f80e33ffeb80,After runMeInAsync,user2,http-nio-7688-exec-24
40f6587b-e15e-4ed6-852e-e429fb961a73,Inside userDetails,user2,http-nio-7688-exec-6
40f6587b-e15e-4ed6-852e-e429fb961a73,After runInFuture,user2,http-nio-7688-exec-6
d630d440-54b5-42b4-b803-f6d1e4cb053e,Inside userDetails,user1,http-nio-7688-exec-1
40f6587b-e15e-4ed6-852e-e429fb961a73,After runMeInAsync,user2,http-nio-7688-exec-6
d630d440-54b5-42b4-b803-f6d1e4cb053e,After runInFuture,user1,http-nio-7688-exec-1
d630d440-54b5-42b4-b803-f6d1e4cb053e,After runMeInAsync,user1,http-nio-7688-exec-1
d630d440-54b5-42b4-b803-f6d1e4cb053e,Inside runMeInAsync,null,task-7
40f6587b-e15e-4ed6-852e-e429fb961a73,Inside runMeInAsync,null,task-6
a29c50a0-467f-41a5-9dce-35b8b6882418,After runInFuture,user2,http-nio-7688-exec-15
a29c50a0-467f-41a5-9dce-35b8b6882418,Inside userDetails,user2,http-nio-7688-exec-15
a29c50a0-467f-41a5-9dce-35b8b6882418,Inside runMeInAsync,null,task-3
a29c50a0-467f-41a5-9dce-35b8b6882418,After runMeInAsync,user2,http-nio-7688-exec-15
523f08b6-1f59-498c-b2bb-edfd759f40b8,After runInFuture,user1,http-nio-7688-exec-20
523f08b6-1f59-498c-b2bb-edfd759f40b8,Inside userDetails,user1,http-nio-7688-exec-20
523f08b6-1f59-498c-b2bb-edfd759f40b8,Inside runMeInAsync,null,task-4
523f08b6-1f59-498c-b2bb-edfd759f40b8,After runMeInAsync,user1,http-nio-7688-exec-20
46b29d40-ed19-428f-8cd2-84c22fce643b,Inside runInFuture,user1,ForkJoinPool.commonPool-worker-1
f47d5d1e-147c-44f7-9b22-9aa4db399e17,Inside runInFuture,user1,ForkJoinPool.commonPool-worker-2
52b18a2b-f078-41e7-92c9-83fb9fd5f97c,Inside runInFuture,user2,ForkJoinPool.commonPool-worker-2
0f3de315-adb7-4b40-9e88-6fbfabb2eda4,Inside runInFuture,user2,ForkJoinPool.commonPool-worker-3
ecc49745-d718-478d-94d1-b0bc256622d0,Inside runInFuture,user1,ForkJoinPool.commonPool-worker-3
79121cc0-3d49-4d2b-a78f-c1fbac367eb6,Inside runInFuture,user1,ForkJoinPool.commonPool-worker-5
24c23ebf-8141-4fef-9a53-76b21964df25,Inside runInFuture,user2,ForkJoinPool.commonPool-worker-5
6a8047f2-fa0a-42a6-a8e2-c8124179f148,Inside runInFuture,user1,ForkJoinPool.commonPool-worker-4
ab3d6db8-77da-4e13-8840-0ac6a5a0da22,Inside runInFuture,user1,ForkJoinPool.commonPool-worker-6
96b3848a-cfb7-49f6-92aa-ca84a0c606bc,Inside runInFuture,user2,ForkJoinPool.commonPool-worker-6
45dcb83f-fbe7-430d-9c95-6589bf44ebf8,Inside runInFuture,user2,ForkJoinPool.commonPool-worker-6
c2b89f5d-6ed2-4ac8-af6c-cbb5683ae1f9,Inside runInFuture,user2,ForkJoinPool.commonPool-worker-6
cc8dc96b-67a9-42a3-8b2a-f5b54692c30b,Inside runInFuture,user2,ForkJoinPool.commonPool-worker-7
e810c0a7-b60c-4594-be5c-36a81123c97f,Inside runInFuture,user2,ForkJoinPool.commonPool-worker-7
bc44e8e9-56e1-4db6-8980-d69ae4a73b7a,Inside runInFuture,user2,ForkJoinPool.commonPool-worker-7
23a7835c-23fe-477c-9492-bc51708f3686,Inside runInFuture,user1,ForkJoinPool.commonPool-worker-7
3688998d-6d48-4183-be64-d19b2b7fec73,Inside runInFuture,user1,ForkJoinPool.commonPool-worker-1
e94566a6-d204-440d-b6b3-62674c6b7c38,Inside runInFuture,user1,ForkJoinPool.commonPool-worker-2
2809d5d5-29e9-40f0-aba7-1ba2dc29899c,Inside runInFuture,user2,ForkJoinPool.commonPool-worker-1
e77ecda5-bbef-4b20-af92-32aa4ab96d01,Inside runInFuture,user2,ForkJoinPool.commonPool-worker-1
3e9ba09e-0b6c-4560-a40b-30742ea4719d,Inside runInFuture,user1,ForkJoinPool.commonPool-worker-3
4dcfbcb8-f9c1-47ea-84e4-5cd63f4655f9,Inside runInFuture,user1,ForkJoinPool.commonPool-worker-5
0d5f8d73-0b57-46b7-ac2d-64d585debee5,Inside runInFuture,user2,ForkJoinPool.commonPool-worker-5
5e441e0f-361e-492d-97cc-e394398d0d64,Inside runInFuture,user2,ForkJoinPool.commonPool-worker-5
59755327-9fe5-4ee5-9d4a-ce62e194d1d5,Inside runInFuture,user2,ForkJoinPool.commonPool-worker-5
e10a44c3-a05d-4100-bc85-98e7755d080e,Inside runInFuture,user1,ForkJoinPool.commonPool-worker-4
a29c50a0-467f-41a5-9dce-35b8b6882418,Inside runInFuture,user2,ForkJoinPool.commonPool-worker-4
c4ed7223-e1e2-42e7-9723-614ec8abbde0,Inside runInFuture,user2,ForkJoinPool.commonPool-worker-4
e7c0340e-55d2-4b75-b1e8-222e9a38a515,Inside runInFuture,user2,ForkJoinPool.commonPool-worker-4
40f6587b-e15e-4ed6-852e-e429fb961a73,Inside runInFuture,user2,ForkJoinPool.commonPool-worker-4
a62168ec-4c4e-4dd9-a762-7dd26c5cf985,Inside runInFuture,user1,ForkJoinPool.commonPool-worker-6
86857031-af1a-440f-afd2-77523dce27e7,Inside runInFuture,user1,ForkJoinPool.commonPool-worker-7
707e6abd-ddd2-4fa4-a9e4-972daa6a41a4,Inside runInFuture,user2,ForkJoinPool.commonPool-worker-7
5e6bc3d7-ca7a-49b6-8354-b4fc8d73cf16,Inside runInFuture,user2,ForkJoinPool.commonPool-worker-7
66ade5b7-ca6c-4945-8150-18e11b5ed614,Inside runInFuture,user1,ForkJoinPool.commonPool-worker-1
523f08b6-1f59-498c-b2bb-edfd759f40b8,Inside runInFuture,user1,ForkJoinPool.commonPool-worker-2
bc329582-14bd-4c0e-b894-ebb1f58caffe,Inside runInFuture,user2,ForkJoinPool.commonPool-worker-2
87f38516-3af9-4958-8825-56f7b7901b05,Inside runInFuture,user1,ForkJoinPool.commonPool-worker-3
d630d440-54b5-42b4-b803-f6d1e4cb053e,Inside runInFuture,user1,ForkJoinPool.commonPool-worker-5
642e7489-cce5-48bf-b6c1-26cea1492d36,Inside runInFuture,user1,ForkJoinPool.commonPool-worker-4
4af40e7c-b76d-401b-9cba-b5aef398238b,Inside runInFuture,user1,ForkJoinPool.commonPool-worker-6
878343ee-4405-40ed-b4a9-97c5e16190cf,Inside runInFuture,user1,ForkJoinPool.commonPool-worker-7
391745cd-222e-4c6c-8f21-f80e33ffeb80,Inside runInFuture,user2,ForkJoinPool.commonPool-worker-7
04ea6a37-9686-490c-81f2-c0dfb057fd36,Inside runInFuture,user2,ForkJoinPool.commonPool-worker-7
abf23f0e-a6e1-4632-a754-967e8e5209ad,Inside runInFuture,user2,ForkJoinPool.commonPool-worker-7
b21359b8-2200-44c2-bb0c-503ca2d89331,Inside runInFuture,user1,ForkJoinPool.commonPool-worker-1
eec7b237-10b4-40e0-9e7f-56b902b8327d,Inside runInFuture,user1,ForkJoinPool.commonPool-worker-2
90cf81bb-5ccd-405d-9d41-62b466f039f0,Inside runInFuture,user2,ForkJoinPool.commonPool-worker-1
1487e8c2-9b53-4ae0-acc2-e7269a39be39,Inside runInFuture,user2,ForkJoinPool.commonPool-worker-2
d90ea5db-25ae-420e-abee-1e1c3927abda,Inside runInFuture,user1,ForkJoinPool.commonPool-worker-3
343ec2ed-762b-43cf-b000-7fdbf0469fa7,Inside runInFuture,user1,ForkJoinPool.commonPool-worker-5
a703e148-bd54-4deb-9c43-841ad49262e4,Inside runInFuture,user1,ForkJoinPool.commonPool-worker-4
ff64faa4-7637-4a74-844f-e90cb000b765,Inside runInFuture,user1,ForkJoinPool.commonPool-worker-6
9d58891f-e480-43a5-a221-abe5ed9c7e10,Inside runInFuture,user2,ForkJoinPool.commonPool-worker-6
1d8836a8-4a08-4b48-bdc3-58c845b4f5e8,Inside runInFuture,user2,ForkJoinPool.commonPool-worker-6
91331786-0bf4-43e8-9ced-6a45550bf49c,Inside runInFuture,user1,ForkJoinPool.commonPool-worker-7
f975a6ca-1b02-4267-bbd9-8259be5137d5,Inside runInFuture,user1,ForkJoinPool.commonPool-worker-1
b96bea90-9d2f-43d4-bdf1-f952916338a8,Inside runInFuture,user1,ForkJoinPool.commonPool-worker-2
65879658-78b1-41bd-894d-039e54868789,Inside runInFuture,user2,ForkJoinPool.commonPool-worker-1
4799d57b-94a8-438f-9f91-44882598d151,Inside runInFuture,user2,ForkJoinPool.commonPool-worker-1
76a57f29-6c5e-4633-854a-bfbbc323d255,Inside runInFuture,user2,ForkJoinPool.commonPool-worker-1
90e91db6-7429-4e51-ab94-d1b299977a1a,Inside runInFuture,user1,ForkJoinPool.commonPool-worker-3
a1789b52-67e9-4528-bef4-7541f7c0cdc8,Inside runInFuture,user1,ForkJoinPool.commonPool-worker-5
54b4c757-8d08-4603-ba66-4f2d282df2e0,Inside runInFuture,user1,ForkJoinPool.commonPool-worker-4
88de8cac-ba2a-4406-a55c-0e3e20bd0da2,Inside runInFuture,user2,ForkJoinPool.commonPool-worker-4
1fb4b404-569b-42d0-802e-39ec26054d77,Inside runInFuture,user2,ForkJoinPool.commonPool-worker-4
9f85e1c2-2c5c-4371-a824-741d5cd2ada3,Inside runInFuture,user2,ForkJoinPool.commonPool-worker-4
a98cada5-a8ea-407b-8bfc-9072cfa8e5d1,Inside runInFuture,user1,ForkJoinPool.commonPool-worker-6
012220fa-246b-4924-ae05-bc6abbab16e6,Inside runInFuture,user1,ForkJoinPool.commonPool-worker-7
22ef71d0-c52c-4be4-8b7c-700d08add431,Inside runInFuture,user1,ForkJoinPool.commonPool-worker-2
441c1fe2-2ff6-421d-87d8-42756afb6d13,Inside runInFuture,user1,ForkJoinPool.commonPool-worker-1
5bd431ac-137d-49fe-83f5-e665595ae81c,Inside runInFuture,user1,ForkJoinPool.commonPool-worker-3
b93bf0ee-cad3-412b-ab75-faa6e9b41ff9,Inside runInFuture,user1,ForkJoinPool.commonPool-worker-5
a0351956-b323-49f5-9d3b-80752d90dae3,Inside runInFuture,user1,ForkJoinPool.commonPool-worker-4
87b7698c-ce0f-4897-b8a9-c22b09f23a61,Inside runInFuture,user1,ForkJoinPool.commonPool-worker-6
01fd44d8-0f4d-4b23-99b8-c2ee264e910e,Inside runInFuture,user1,ForkJoinPool.commonPool-worker-7
63f11763-6222-47a7-b32c-11021e4dc6dc,Inside runInFuture,user1,ForkJoinPool.commonPool-worker-2
